Mots,Effectif,Longueur,Partie
réveiller,2,10,7
aigre,1,5,7
barrages,1,8,7
été,7,5,7
travaux,6,7,7
n'oublierait,1,12,7
accueilli,1,9,7
remirent,2,8,7
entêtement,1,11,7
fonçait,1,8,7
lors,2,4,7
coucou,1,6,7
savaient,2,8,7
fut,41,3,7
tonnante,1,8,7
fur,1,3,7
vingt-deux,2,10,7
fous,4,4,7
liquide,1,7,7
s'échappa,1,10,7
humeur,1,6,7
chauffer,1,8,7
directement,2,11,7
tirer,6,5,7
second,1,6,7
l'attente,2,9,7
corvée,2,7,7
plaisantait,1,11,7
anxieux,1,7,7
malheur,6,7,7
muet,2,4,7
corbeilles,1,10,7
familles,1,8,7
grossir,1,7,7
exclamations,1,12,7
s'allongea,2,10,7
pourparlers,1,11,7
vibraient,1,9,7
brûlures,1,9,7
cadavre,5,7,7
souliers,5,8,7
également,4,10,7
emplie,2,6,7
criblage,5,8,7
petits-enfants,1,14,7
gardaient,1,9,7
précédait,1,11,7
emplis,2,6,7
nulle,1,5,7
juraient,1,8,7
attente,4,7,7
avidement,1,9,7
d'échelles,1,11,7
découvert,2,10,7
s'égarait,1,10,7
leurs,41,5,7
aérienne,1,9,7
étions,3,7,7
grisés,1,7,7
montré,2,7,7
santé,1,6,7
étouffait,1,10,7
déblayaient,1,12,7
sortie,3,6,7
écrasait,1,9,7
sortir,10,6,7
sortit,4,6,7
s'allongeait,3,12,7
goyot,5,5,7
gouffre,3,7,7
l'âge,2,6,7
méconnaissable,1,15,7
avaient,39,7,7
résonnait,1,10,7
Le,53,2,7
Quand,12,5,7
La,54,2,7
énorme,9,7,7
L'ombre,1,7,7
éventrée,1,10,7
Quant,1,5,7
trouait,1,7,7
manquaient,1,10,7
cruauté,2,8,7
abondantes,2,10,7
machine,6,7,7
n'obéirait,1,11,7
cadence,2,7,7
A,29,1,7
renfonçait,1,11,7
supérieures,1,12,7
suivait,4,7,7
être,27,5,7
l'émotionna,1,12,7
combler,1,7,7
naufrages,2,9,7
sentis,1,6,7
sentir,3,6,7
âme,2,4,7
sentit,7,6,7
trémies,1,8,7
pouvait-il,1,10,7
cigarettes,1,10,7
trempé,2,7,7
peux,2,4,7
intérieure,1,11,7
peur,18,4,7
regardaient,3,11,7
boire,4,5,7
peut,8,4,7
reproche,3,8,7
conciliante,1,11,7
s'emplit,2,8,7
reprises,5,8,7
fit,9,3,7
travaillé,1,10,7
égorgeraient,1,13,7
fin,12,3,7
carrefours,2,10,7
haies,1,5,7
trouvèrent,2,11,7
éloquence,1,10,7
beaux,1,5,7
glissant,1,8,7
l'inscription,1,13,7
vouloir,5,7,7
Rapidement,1,10,7
averse,3,6,7
qu'elle,30,7,7
ruisselante,1,11,7
seriez,1,6,7
ordures,1,7,7
cuvelage,18,8,7
entraient,1,9,7
vacillaient,1,11,7
houiller,1,8,7
volerait,2,8,7
essayait,1,8,7
chargé,3,7,7
d'entendre,1,10,7
borne,1,5,7
l'aperçut,1,10,7
étonnement,1,11,7
toute,17,5,7
comprenait,2,10,7
dormions,1,8,7
moitié,6,7,7
l'azur,1,6,7
Régulièrement,1,15,7
luttait,1,7,7
brocanteurs,1,11,7
caractères,1,11,7
villes,2,6,7
confus,2,6,7
mademoiselle,1,12,7
apitoyer,1,8,7
l'existence,2,11,7
Muets,1,5,7
paresse,2,7,7
rempli,1,6,7
service,2,7,7
pleura,2,6,7
abordait,1,8,7
Ces,3,3,7
distinguait,5,11,7
visiteurs,1,9,7
occupé,1,7,7
apportait,1,9,7
congestionnée,1,14,7
entre,17,5,7
galant,1,6,7
nations,1,7,7
expirait,1,8,7
Zacharie,15,8,7
annonçant,1,10,7
désaccord,1,10,7
exécuteraient,1,14,7
éperdue,2,8,7
trouvaient,8,10,7
fuyait,1,6,7
s'asseoir,3,9,7
planté,1,7,7
promenades,2,10,7
D'un,2,4,7
affaire,2,7,7
aveuglé,1,8,7
descendit,4,9,7
lorsqu'on,5,9,7
nettement,1,9,7
l'en,1,4,7
doit,1,4,7
saccage,1,7,7
l'heure,4,7,7
Encore,4,6,7
treize,1,6,7
galopé,2,7,7
silencieux,2,10,7
s'efforçait,1,12,7
camp,1,4,7
relever,1,7,7
mineur,4,6,7
hué,1,4,7
scène,1,6,7
prie,1,4,7
épuisée,1,9,7
pris,5,4,7
prit,6,4,7
piétinement,1,12,7
arrière,6,8,7
vieilles,1,8,7
ébouleux,1,9,7
grelottant,1,10,7
sifflement,1,10,7
protégerait,1,12,7
danse,1,5,7
s'échappait,2,12,7
saut,2,4,7
Dites,2,5,7
l'eussent,1,9,7
sauf,2,4,7
blanches,2,8,7
fait,24,4,7
traversa,1,8,7
fais,1,4,7
guerre,2,6,7
séjournant,1,11,7
quarante,4,8,7
faim,17,4,7
clef,2,4,7
protestait,1,10,7
Maheude,33,7,7
accueillaient,1,13,7
ira,1,3,7
l'estaminet,1,11,7
dégoût,2,8,7
obligeamment,1,12,7
Devant,1,6,7
nature,2,6,7
soyons,1,6,7
jusqu'aux,5,9,7
n'en,13,4,7
toilette,1,8,7
souvenir,1,8,7
n'es,1,4,7
tiède,2,6,7
miens,2,5,7
éclatant,1,9,7
cadres,3,6,7
accident,4,8,7
davantage,8,9,7
buvant,1,6,7
Cécile,12,7,7
dents,7,5,7
demander,3,8,7
fermé,1,6,7
compromis,2,9,7
L'épuisement,1,13,7
armée,4,6,7
vingt-quatre,2,12,7
vain,1,4,7
reçu,2,5,7
détonations,2,12,7
vais,6,4,7
exécration,1,11,7
D'ordinaire,1,11,7
n'entendit,1,10,7
cornouiller,2,11,7
parler,6,6,7
parles,1,6,7
enfoncée,1,9,7
achevée,1,8,7
coururent,1,9,7
penses,1,6,7
penser,2,6,7
suivre,3,6,7
l'entourait,1,11,7
meilleurs,1,9,7
café,1,5,7
meilleure,1,9,7
incommode,1,9,7
cheveux,5,7,7
hantait,1,7,7
voudra,1,6,7
tapait,3,6,7
cauchemars,1,10,7
rêvassais,1,10,7
régisseurs,4,11,7
Aujourd'hui,1,11,7
aboyer,1,6,7
On,47,2,7
mettaient,1,9,7
lendemain,5,9,7
pauvre,7,6,7
vidait,1,6,7
fébrile,1,8,7
espérer,1,8,7
éclataient,2,11,7
marcher,3,7,7
tardives,1,8,7
aimant,1,6,7
satisfait,1,9,7
bonne,10,5,7
révoltante,1,11,7
démolissait,1,12,7
voulez,1,6,7
couleur,1,7,7
Celui,1,5,7
desservait,1,10,7
semblaient,3,10,7
Bien,1,4,7
renouveler,1,10,7
déroulaient,2,12,7
stupeur,2,7,7
d'oeil,3,6,7
roulements,1,10,7
prison,3,6,7
s'inquiétaient,1,15,7
mères,1,6,7
farceurs,1,8,7
l'assassin,1,10,7
possible,11,8,7
l'hôpital,3,10,7
Maheu,6,5,7
t'a,1,3,7
retombant,1,9,7
poser,1,5,7
unique,3,6,7
obligeait,1,9,7
était-elle,1,11,7
consolait,1,9,7
briser,1,6,7
froide,4,6,7
comptaient,1,10,7
chantier,2,8,7
appuyé,2,7,7
fou,3,3,7
hâter,2,6,7
tordre,2,6,7
rampante,1,8,7
foi,1,3,7
descendre,10,9,7
coller,2,6,7
vacarme,4,7,7
vêtue,1,6,7
Acculé,1,7,7
minuit,1,6,7
inquiet,1,7,7
décida,4,7,7
Dehors,1,6,7
chemins,2,7,7
chêne,2,6,7
gagnaient,1,9,7
vacillante,1,10,7
emportait,4,9,7
paillasse,2,9,7
soi,2,3,7
brutes,2,6,7
son,122,3,7
intolérable,1,12,7
ingénieur,1,10,7
parlait,11,7,7
l'écarta,1,9,7
miettes,1,7,7
d'étoiles,1,10,7
reconduire,1,10,7
avait,183,5,7
cassure,1,7,7
jetait,5,6,7
prêt,1,5,7
pleuraient,1,10,7
barbares,3,8,7
fascination,1,11,7
ligne,1,5,7
crâne,7,6,7
abattements,1,11,7
étranglait,2,11,7
oisive,1,6,7
verdi,1,5,7
intérieur,1,10,7
rompaient,1,9,7
enthousiasmée,1,14,7
brève,1,6,7
débit,1,6,7
brûlés,1,8,7
bégayant,2,9,7
certitude,3,9,7
d'étoupes,1,10,7
dernières,3,10,7
lundi,1,5,7
contentés,1,10,7
révolte,2,8,7
neuf,2,4,7
protester,1,9,7
foyers,1,6,7
cassé,4,6,7
longueur,1,8,7
s'affaiblissait,1,15,7
biens,1,5,7
explosions,1,10,7
sans-coeur,1,10,7
traîna,3,7,7
ouiche,1,6,7
jusqu'à,10,8,7
faisait,16,7,7
corps,13,5,7
décharné,1,10,7
herscheuse,7,10,7
coude,2,5,7
chair,10,5,7
l'écart,1,8,7
balles,1,6,7
l'épaisse,1,10,7
s'écrasaient,1,13,7
Etierme,1,7,7
ressortait,1,10,7
fatiguer,2,8,7
lorsqu'il,8,9,7
consolidation,1,13,7
marchait,5,8,7
exact,2,5,7
minute,3,6,7
morceaux,3,8,7
lourde,1,6,7
Fais-nous,1,9,7
l'entente,1,9,7
placidité,1,10,7
droit,3,5,7
Voreux,22,6,7
s'éteignit,1,11,7
cochons,1,7,7
roches,12,6,7
raclement,1,9,7
crache,1,6,7
cassa,3,5,7
cracha,1,6,7
casse,1,5,7
délicatement,1,13,7
Francis,1,7,7
s'y,5,3,7
Ma,1,2,7
obscures,1,8,7
affoler,1,7,7
redressa,2,8,7
jure,1,4,7
jura,4,4,7
lunettes,1,8,7
broya,1,5,7
refusé,1,7,7
tiraient,1,8,7
Joiselle,1,8,7
cette,108,5,7
l'empêcher,1,11,7
queue,1,5,7
s'emportait,1,11,7
gifles,2,6,7
écartées,1,10,7
poussant,1,8,7
allait,18,6,7
léger,4,6,7
écoutait,5,9,7
désir,3,6,7
cuite,1,5,7
cheminée,8,9,7
réponds-tu,1,11,7
adroits,1,7,7
soumis,1,6,7
salaire,1,7,7
reprise,3,7,7
débordé,1,9,7
frottaient,1,10,7
d'évacuer,1,10,7
Oui,18,3,7
Annouchka,2,9,7
quatrième,2,10,7
stoïque,1,8,7
règle,1,6,7
Sorti,1,5,7
réveillerait,1,13,7
convives,1,8,7
pourrait,2,8,7
comptent,1,8,7
malheurs,2,8,7
fosses,11,6,7
grosses,1,7,7
redoublement,2,12,7
mignons,1,7,7
espèce,2,7,7
s'accrocher,1,11,7
répondant,2,10,7
méchamment,1,11,7
virent,3,6,7
ballants,1,8,7
l'accrochage,7,12,7
endormi,1,7,7
péri,1,5,7
su,1,2,7
ralentit,1,8,7
si,81,2,7
foule,17,5,7
mange,1,5,7
sa,140,2,7
l'écrasement,1,13,7
Neuf,1,4,7
se,311,2,7
bien-être,1,10,7
emporta,5,7,7
haute,3,5,7
course,1,6,7
taire,4,5,7
pareil,5,6,7
pieds,12,5,7
Direction,3,9,7
troubles,1,8,7
troubler,1,8,7
tort,4,4,7
gâté,1,6,7
avis,1,4,7
bougre,1,6,7
vaincus,2,7,7
mangés,2,7,7
Armé,1,5,7
sortes,2,6,7
l'aidait,1,8,7
tréteaux,2,9,7
mangée,1,7,7
endolorie,1,9,7
pendre,3,6,7
revers,1,6,7
veine,11,5,7
suspendu,1,8,7
froidement,2,10,7
menait,1,6,7
garnissait,1,10,7
charité,1,8,7
ébranlée,1,10,7
ébranlés,1,10,7
as-tu,1,5,7
suffoquaient,1,12,7
empêchait,3,10,7
s'éveillait,2,12,7
glissante,1,9,7
menaçait,2,9,7
menaçais,1,9,7
renvois,1,7,7
teintée,1,8,7
résolu,2,7,7
produisait,1,10,7
désappointée,1,14,7
million,1,7,7
comptant,2,8,7
basse,10,5,7
crever,3,6,7
aveugle,2,7,7
destiné,1,8,7
heureuse,4,8,7
routes,2,6,7
réunion,1,8,7
l'achat,2,7,7
s'excusait,1,10,7
cramponnaient,1,13,7
flambait,1,8,7
ont,7,3,7
cherché,1,8,7
hochaient,1,9,7
convenu,1,7,7
montrant,1,8,7
chevet,1,6,7
connu,1,5,7
besoins,1,7,7
sourde,4,6,7
douleur,7,7,7
plein,2,5,7
rival,1,5,7
épaulement,1,11,7
doutait,1,7,7
sourds,2,6,7
folle,3,5,7
abattre,3,7,7
écrasé,1,8,7
mettrions,1,9,7
brûlé,2,7,7
allez,2,5,7
près,17,5,7
aguets,1,6,7
note,2,4,7
perdre,2,6,7
tourments,1,9,7
écoutaient,2,11,7
redoutant,1,9,7
buffet,1,6,7
soutenait,1,9,7
l'hébétement,1,14,7
tristes,1,7,7
crochet,1,7,7
caduques,2,8,7
trembler,3,8,7
sale,2,4,7
vaste,3,5,7
toucha,2,6,7
cachais,1,7,7
cochon,1,6,7
cachait,1,7,7
cuisses,3,7,7
trottoir,1,8,7
vivaient,1,8,7
mince,6,5,7
murmure,1,7,7
maître,4,7,7
murmura,5,7,7
ménage,3,7,7
serait,14,6,7
serais,1,6,7
bougeaient,1,10,7
mangerait,1,9,7
presse,1,6,7
blond,1,5,7
retraite,1,8,7
inattendu,1,9,7
couloirs,1,8,7
tuant,1,5,7
monde,19,5,7
cartonnant,1,10,7
pleurer,1,7,7
soulevaient,1,11,7
pailles,1,7,7
aiguë,1,6,7
salive,1,6,7
indestructibles,1,15,7
tressaillement,1,14,7
s'éloignaient,1,14,7
brusques,1,8,7
vision,5,6,7
l'excursion,1,11,7
jusque,4,6,7
nouveaux,1,8,7
balbutiait,2,10,7
consultés,1,10,7
devaient,4,8,7
chapeaux,1,8,7
encourageantes,1,14,7
bureau,1,6,7
sable,1,5,7
j'étais,3,8,7
emporté,1,8,7
jeta,6,4,7
l'évanouissement,1,17,7
parfaitement,1,12,7
reconnut,6,8,7
jets,1,4,7
réparer,3,8,7
remarquer,1,9,7
exagérait,1,10,7
alignés,1,8,7
Déjà,6,6,7
assoupie,2,8,7
autour,5,6,7
n'étions,1,9,7
échelles,10,9,7
baissés,1,8,7
besoin,17,6,7
tâchait,1,8,7
seulement,17,9,7
exaspéré,1,10,7
panneau,2,7,7
crampe,1,6,7
venir,8,5,7
bourdonnements,2,14,7
aristocrates,1,12,7
ceux,3,4,7
l'attendait,3,11,7
l'Empire,1,8,7
artillerie,1,10,7
mérité,1,8,7
d'or,1,4,7
répondu,2,8,7
t'avoir,1,7,7
allait-il,1,9,7
grogna,1,6,7
situation,2,9,7
mélancolie,1,11,7
Jeanlin,6,7,7
canon,2,5,7
moulineurs,1,10,7
volonté,2,8,7
surveillance,2,12,7
nécessité,2,11,7
vermoulu,1,8,7
vus,1,3,7
n'as,1,4,7
aperçut,6,8,7
I,1,1,7
Leur,6,4,7
mangeaille,1,10,7
ordres,1,6,7
cachée,1,7,7
tuée,1,5,7
refusait,4,8,7
retirerait,1,10,7
plainte,4,7,7
tués,1,5,7
bloqué,1,7,7
émergeant,1,10,7
entraîner,1,10,7
esprit,1,6,7
blême,5,6,7
s'habillèrent,1,14,7
finirent,4,8,7
détachait,1,10,7
porterait,1,9,7
cabaretier,2,10,7
régénérant,1,13,7
tocsin,1,6,7
pente,3,5,7
cuivres,1,7,7
vague,4,5,7
tomber,3,6,7
souvenirs,1,9,7
voulurent,2,9,7
créanciers,1,11,7
laisser,7,7,7
moquait,1,7,7
Estelle,6,7,7
jalouses,1,8,7
intervenir,1,10,7
ouvrier,4,7,7
L'image,1,7,7
Crèvecoeur,2,11,7
troupeau,5,8,7
ration,1,6,7
d'exploitation,1,14,7
particulièrement,1,17,7
flambaient,1,10,7
tremblantes,1,11,7
stationnaire,1,12,7
favorite,1,8,7
patriarcale,1,11,7
blâme,1,6,7
bond,1,4,7
Ni,4,2,7
infranchissable,1,15,7
reconnu,2,7,7
Ne,1,2,7
glissa,1,6,7
n'avaient,9,9,7
l'appelait,3,10,7
parties,1,7,7
mariage,1,7,7
heu,1,3,7
inquiétude,3,11,7
chancelant,2,10,7
paraissait,6,10,7
légalité,1,10,7
plusieurs,6,9,7
désiré,1,8,7
dormir,3,6,7
c'étaient,6,10,7
botte,1,5,7
conclut,1,7,7
caisses,1,7,7
rage,5,4,7
discuté,1,8,7
enquête,1,8,7
sang-froid,1,10,7
réduits,1,8,7
répondaient,4,12,7
ai,1,2,7
certain,1,7,7
as,8,2,7
au,185,2,7
trembla,1,7,7
troublait,2,9,7
déluges,1,8,7
s'aperçut,2,10,7
décidée,2,9,7
redevenant,1,10,7
l'incertitude,1,13,7
aurait,14,6,7
gardait,2,7,7
sanguine,1,8,7
J'ai,8,4,7
l'écarter,1,10,7
chassât,1,8,7
secouait,1,8,7
terre,42,5,7
culbuteurs,1,10,7
remplace,1,8,7
murés,3,6,7
l'enflammait,1,12,7
stupéfia,2,9,7
collé,2,6,7
coulée,1,7,7
recherches,2,10,7
s'enfonça,1,10,7
retapées,1,9,7
craignant,1,9,7
tiroir,1,6,7
fût,5,4,7
rêves,2,6,7
tours,1,5,7
content,1,7,7
tu,38,2,7
émotionné,1,11,7
excusant,1,8,7
te,14,2,7
ta,3,2,7
gonflé,5,7,7
distinctement,1,13,7
l'argent,4,8,7
surprise,2,8,7
pression,2,8,7
criait,10,6,7
sans,98,4,7
apparu,1,6,7
l'évidence,1,11,7
cloison,2,7,7
éreintés,1,10,7
large,2,5,7
sang,14,4,7
journées,6,9,7
chaudières,1,11,7
explication,1,11,7
devenu,3,6,7
peuvent,1,7,7
gagner,4,6,7
gouttes,1,7,7
bravoure,3,8,7
émotionna,1,10,7
prodiguaient,1,12,7
échine,2,7,7
accroupi,2,8,7
social,1,6,7
d'oiseau,1,8,7
vie,15,3,7
vin,1,3,7
meurtrière,1,11,7
vis,3,3,7
vit,6,3,7
chaud,2,5,7
Aux,1,3,7
d'insomnie,1,10,7
Réquillart,16,11,7
tranquillité,1,13,7
mort,27,4,7
crevaient,1,9,7
fait-il,1,7,7
déguisée,2,10,7
nuages,2,6,7
l'a,1,3,7
revirement,1,10,7
rentrée,1,8,7
pot-au-feu,1,10,7
lorsqu'en,1,9,7
voulaient,2,9,7
science,1,7,7
coulant,2,7,7
maladroites,1,11,7
gosier,1,6,7
l'étoile,2,9,7
décision,3,9,7
levaient,1,8,7
n'enflammant,1,12,7
déduire,1,8,7
durement,1,8,7
détraquerait,1,13,7
notre,1,5,7
entends-tu,1,10,7
morsure,1,7,7
Justement,5,9,7
refusa,1,6,7
raccourcirait,1,13,7
J'aime,1,6,7
éruption,2,9,7
fièvre,3,7,7
replongeait,1,11,7
chaudement,1,10,7
évitaient,1,10,7
attitude,2,8,7
générations,1,13,7
installer,1,9,7
suffoqué,1,9,7
assourdie,2,9,7
état,2,5,7
disparaissaient,1,15,7
l'invisible,1,11,7
déclarées,1,11,7
remontant,2,9,7
coupé,4,6,7
personne,20,8,7
proposa,1,7,7
soient,1,6,7
ouvrait,1,7,7
respira,2,7,7
continuèrent,1,13,7
Vainement,1,9,7
irait,1,5,7
plongeur,1,8,7
formait,2,7,7
fâchait,1,8,7
fendue,1,6,7
genou,3,5,7
qu'un,21,5,7
longues,5,7,7
esclaves,1,8,7
d'existence,2,11,7
menacé,2,7,7
l'abattit,1,9,7
fouiller,1,8,7
fouilles,1,8,7
parfum,1,6,7
catalogues,1,10,7
meubles,1,7,7
tordit,1,6,7
quelque,9,7,7
noyant,1,6,7
claires,1,7,7
vallées,1,8,7
secoué,1,7,7
recette,6,7,7
dehors,7,6,7
ouest,1,5,7
tapage,1,6,7
imagina,1,7,7
torturé,1,8,7
comprendre,2,10,7
ennuyée,1,8,7
fiançailles,1,12,7
interrogé,1,10,7
abandonnés,2,11,7
futaie,1,6,7
enveloppés,1,11,7
schiste,3,7,7
abandonnée,1,11,7
détestable,1,11,7
murmures,2,8,7
complètement,1,13,7
ressentit,1,9,7
grisou,4,6,7
s'enflait,2,9,7
tardèrent,1,10,7
jet,2,3,7
saine,1,5,7
contentaient,1,12,7
avec,122,4,7
clarté,4,7,7
avez,2,4,7
noms,13,4,7
contre,45,6,7
m'as,1,4,7
ainsi,23,5,7
surhumains,1,10,7
croître,1,8,7
désespoir,4,10,7
étourdissait,1,13,7
m'aviez,1,7,7
incliné,7,8,7
charges,1,7,7
humidité,1,9,7
ramener,1,7,7
passant,2,7,7
cassées,1,8,7
ressemblait,1,11,7
rapines,1,7,7
empourprait,1,11,7
indiqua,1,7,7
l'homme,10,7,7
eaux,6,4,7
pénétra,1,9,7
frais,1,5,7
commotion,1,9,7
éclats,2,7,7
noyé,3,5,7
repoussant,1,10,7
éclata,5,7,7
craquaient,1,10,7
l'animaient,1,11,7
dernier,20,7,7
grandir,3,7,7
submergées,1,11,7
M,17,1,7
grandit,1,7,7
plat,4,4,7
bêtise,1,7,7
plan,10,4,7
s'arrachant,1,11,7
levé,2,5,7
horreurs,1,8,7
grandie,1,7,7
fixée,1,6,7
dureté,1,7,7
fixés,2,6,7
l'écurie,2,9,7
timbres,1,7,7
toujours,41,8,7
brusquement,7,11,7
d'animal,1,8,7
frayeur,2,7,7
pluie,5,5,7
l'asphyxie,1,10,7
l'échine,3,9,7
lettre,2,6,7
fendaient,2,9,7
changé,1,7,7
fatale,1,6,7
retenue,1,7,7
obscurs,1,7,7
retenus,1,7,7
cédât,1,7,7
cri,11,3,7
logé,1,5,7
manger,7,6,7
croire,6,6,7
ses,105,3,7
brèche,1,7,7
justification,1,13,7
sec,1,3,7
cloué,3,6,7
beffrois,1,8,7
démentir,1,9,7
s'enfonçait,2,12,7
désespérée,1,13,7
Au-dessus,1,9,7
secondes,1,8,7
grelottaient,1,12,7
hauteur,1,7,7
l'apercevait,1,12,7
Vive,1,4,7
Ouvriers,1,8,7
prévoyait,1,10,7
plâtre,1,7,7
mécontent,1,10,7
bienveillante,1,13,7
défaisait,1,10,7
tronçons,1,9,7
pareille,4,8,7
triomphant,1,10,7
retenu,2,6,7
s'expliquer,2,11,7
les,712,3,7
d'entrailles,1,12,7
berçait,1,8,7
infirme,3,7,7
soupir,1,6,7
souffle,10,7,7
souffla,1,7,7
flâneurs,1,9,7
portait,2,7,7
idée,8,5,7
lingot,1,6,7
tombeur,1,7,7
mine,15,4,7
silences,1,8,7
craquements,2,11,7
s'alarma,1,8,7
retournions,1,11,7
craquèrent,1,11,7
tonneau,2,7,7
étayer,1,7,7
n'osant,2,7,7
cages,8,5,7
secouée,3,8,7
boisage,4,7,7
agitation,1,9,7
vol,1,3,7
Quel,2,4,7
mots,6,4,7
secoués,1,8,7
frémit,1,7,7
demie-nue,1,9,7
cuisine,1,7,7
enfanterait,1,11,7
retombait,1,9,7
salariat,1,8,7
heures,41,6,7
sortant,1,7,7
l'assaut,1,8,7
farouche,4,8,7
brancard,1,8,7
l'irrésistible,1,15,7
Son,4,3,7
s'emporta,3,9,7
soupçonna,1,10,7
charbon,11,7,7
gloire,2,6,7
comprise,1,8,7
d'Estelle,1,9,7
acharnée,1,9,7
hurlements,1,10,7
conseilles,1,10,7
obtenir,1,7,7
nommait,2,7,7
retrouver,5,9,7
parents,2,7,7
commencé,1,9,7
tressaillaient,1,14,7
écrasés,2,9,7
cordon,1,6,7
Oh,8,2,7
parjure,1,7,7
massue,1,6,7
demande,1,7,7
demanda,7,7,7
garni,1,5,7
souleva,2,7,7
bouleversés,1,12,7
continus,2,8,7
bruit,26,5,7
bombardé,1,9,7
continue,2,8,7
continua,9,8,7
officier,2,8,7
trouée,3,7,7
d'élargir,1,10,7
goutte,1,6,7
brutalité,1,10,7
S'il,2,4,7
déchirèrent,1,13,7
possibles,1,9,7
Fiche-nous,1,10,7
cessé,2,6,7
confidence,1,10,7
numéro,1,7,7
directeur,4,9,7
bu,2,2,7
l'abbé,1,7,7
torturait,1,9,7
mendier,1,7,7
couchais,1,8,7
s'étaient,11,10,7
taches,2,6,7
préparé,1,9,7
hurlaient,2,9,7
fracassée,1,10,7
affreux,2,7,7
levant,1,6,7
fracassés,2,10,7
volcan,2,6,7
chacune,2,7,7
moindre,1,7,7
suie,1,4,7
occupa,1,6,7
songeait,3,8,7
suis,5,4,7
Vrai,1,4,7
nourrit,2,7,7
nourrir,1,7,7
malgré,11,7,7
Vingt,1,5,7
ailleurs,4,8,7
nourrie,1,7,7
observation,1,11,7
s'abîmèrent,2,13,7
culotte,6,7,7
corsage,1,7,7
rendormit,1,9,7
un,276,2,7
d'arrondir,1,10,7
D'abord,12,7,7
apparurent,1,10,7
s'élargit,1,10,7
l'accueillerait,1,15,7
jalousie,3,8,7
malheureuse,2,11,7
chat,1,4,7
rhume,1,5,7
Lorsqu'on,2,9,7
lesquelles,1,10,7
d'impuissance,1,13,7
tard,6,4,7
machinal,3,8,7
grognant,1,8,7
glaciales,1,9,7
hésitant,1,9,7
rageusement,2,11,7
D'autre,1,7,7
rouvraient,1,10,7
décomposée,1,12,7
menace,6,6,7
gueule,2,6,7
vieil,3,5,7
feraient,1,8,7
arrivée,1,8,7
agitait,2,7,7
donne-moi,1,9,7
rivière,1,8,7
pouvoir,6,7,7
enflammées,1,11,7
percer,1,6,7
Prends-moi,1,10,7
sens,5,4,7
mouvant,1,7,7
tournaient,1,10,7
millier,1,7,7
d'à,1,4,7
entendait,11,9,7
torture,1,7,7
continuer,3,9,7
dévore,1,7,7
gardes,1,6,7
garder,4,6,7
retira,1,6,7
galopa,1,6,7
manoeuvre,2,9,7
précoce,1,8,7
poitrine,2,8,7
galops,1,6,7
race,2,4,7
débattant,1,10,7
redoutaient,1,11,7
avait-elle,2,10,7
J'en,2,4,7
gendarmes,1,9,7
approchait,1,10,7
vides,2,5,7
vider,1,5,7
pioche,2,6,7
d'assister,1,10,7
s'éloigna,3,10,7
sonnèrent,2,10,7
renvoi,2,6,7
s'affaissèrent,1,15,7
soupçon,1,8,7
marié,1,6,7
qu'arrive-t-il,1,14,7
tracassait,1,10,7
convoitise,1,10,7
Internationale,1,14,7
grimperons,1,10,7
s'effondrait,1,12,7
jeté,3,5,7
beaucoup,4,8,7
autant,1,6,7
écorcher,1,9,7
journaux,2,8,7
sienne,6,6,7
bientôt,13,8,7
couchait,2,8,7
mémoire,2,8,7
gaiement,1,8,7
excursions,1,10,7
commun,1,6,7
l'époque,1,9,7
faudra,2,6,7
lugubre,3,7,7
casserole,2,9,7
devant,33,6,7
entiers,1,7,7
pour,130,4,7
voyant,5,6,7
animale,1,7,7
balle,2,5,7
sommeil,5,7,7
saisissement,3,12,7
anéantie,1,9,7
attirés,1,8,7
écroulé,1,9,7
entrailles,3,10,7
jour-là,4,8,7
pâle,5,5,7
martyr,1,6,7
succédaient,4,12,7
l'engloutit,1,11,7
lâchait,2,8,7
cristal,1,7,7
affluentes,1,10,7
horriblement,1,12,7
ou,7,2,7
s'est-il,1,8,7
parlerai,1,8,7
bords,1,5,7
serrant,4,7,7
s'élevait,4,10,7
comme,90,5,7
moribond,1,8,7
fascinée,1,9,7
choses,11,6,7
secouer,1,7,7
Veux-tu,1,7,7
interpeller,1,11,7
souvint,1,7,7
l'angle,1,7,7
trouva,2,6,7
installé,1,9,7
cage,19,4,7
transparent,1,11,7
traverser,2,9,7
grandissante,1,12,7
arriveraient,1,12,7
l'explosion,1,11,7
d'oiseaux,1,9,7
l'accident,1,10,7
limpidité,1,10,7
Vers,1,4,7
chevilles,2,9,7
boutique,1,8,7
désireraient,1,13,7
s'écartait,1,11,7
écrasées,1,10,7
haussé,1,7,7
ronflement,4,10,7
réorganisation,1,15,7
temps,15,5,7
d'un,80,4,7
disait-on,1,9,7
vociférations,1,14,7
débandade,1,10,7
quelqu'un,1,9,7
dernière,8,9,7
bleu,3,4,7
Rien,3,4,7
lointaine,2,9,7
rectificative,1,13,7
gêné,1,6,7
gagnés,1,7,7
grandissant,1,11,7
lointains,5,9,7
n'oseraient-ils,1,15,7
étreinte,4,9,7
ronflements,2,11,7
retourne,1,8,7
étrangler,1,10,7
d'usage,2,7,7
refaire,1,7,7
éteindrait,1,11,7
trempait,2,8,7
inférieur,3,10,7
condamné,1,9,7
lâchaient,1,10,7
entêté,1,8,7
chagrin,4,7,7
formaient,1,9,7
délivrance,2,11,7
malade,1,6,7
Partout,1,7,7
tortures,1,8,7
secrètement,1,12,7
n'entendaient,1,13,7
classe,3,6,7
honneurs,1,8,7
lavèrent,1,9,7
déluge,2,7,7
abomination,2,11,7
Fourche-aux-Boeufs,1,18,7
maudissait,1,10,7
déchirante,1,11,7
mitraille,1,9,7
habitué,1,8,7
galamment,1,9,7
mille,6,5,7
fente,2,5,7
paralysaient,1,12,7
porions,8,7,7
réjouir,1,8,7
avance,3,6,7
hypothèse,1,10,7
épatant,1,8,7
face,27,4,7
s'entassa,1,9,7
noire,11,5,7
Léonore,1,8,7
soupçonnait,1,12,7
Paris,8,5,7
perversion,1,10,7
sonorité,1,9,7
pierres,2,7,7
noirs,4,5,7
rouge,7,5,7
rougi,1,5,7
l'ouragan,1,9,7
noir,9,4,7
goulûment,1,10,7
jambes,8,6,7
tapa,3,4,7
tape,1,4,7
Tartaret,1,8,7
bonds,1,5,7
montrer,1,7,7
allons,5,6,7
fumaient,1,8,7
recommença,3,11,7
rappel,7,6,7
équerres,2,9,7
allusion,1,8,7
parlèrent,2,10,7
nourrissaient,1,13,7
souffrances,1,11,7
repris,7,6,7
reprit,6,6,7
mien,2,4,7
Paraît,1,7,7
ardoisée,1,9,7
l'équipe,4,9,7
soumettre,1,9,7
tenter,4,6,7
remontés,2,9,7
attaquer,1,8,7
approchaient,2,12,7
rompit,1,6,7
prirent,1,7,7
quitter,2,7,7
quinzième,1,10,7
médité,1,8,7
accouraient,2,11,7
incessante,1,10,7
descente,7,8,7
ce,119,2,7
rapidement,2,10,7
seuil,1,5,7
mouilla,1,7,7
d'avaler,2,8,7
vieillard,2,9,7
crochues,1,8,7
récrièrent,1,12,7
très,42,5,7
appliqua,1,8,7
promeneurs,1,10,7
muré,1,5,7
d'irritation,1,12,7
tue-moi,1,7,7
soulier,1,7,7
encagement,2,10,7
n'adressait,1,11,7
eut,34,3,7
ployé,1,6,7
retenir,2,7,7
entamer,1,7,7
j'avais,1,7,7
revint,7,6,7
ombre,3,5,7
va,5,2,7
éboulements,4,12,7
Saint-Thomas,1,12,7
terminait,1,9,7
hennissements,1,13,7
força,1,6,7
vu,15,2,7
raison,5,6,7
frémissant,5,11,7
lieues,1,6,7
Sors,1,4,7
poussèrent,1,11,7
verni,1,5,7
tournait,3,8,7
saisirent,1,9,7
Troublés,1,9,7
jugeant,1,7,7
feignait,1,8,7
poursuivait,1,11,7
l'inconnu,1,9,7
moments,1,7,7
vulgarisés,1,11,7
détachement,1,12,7
occupait,2,8,7
redescendraient,2,15,7
secousses,3,9,7
ferait,3,6,7
tourment,2,8,7
danser,1,6,7
politique,2,9,7
éprouvait,1,10,7
s'attendre,2,10,7
pied,2,4,7
crue,7,4,7
l'ingratitude,1,13,7
sauvé,2,6,7
solides,2,7,7
gonflées,1,9,7
ayant,4,5,7
écoulé,1,8,7
crut,4,4,7
durer,4,5,7
jolies,1,6,7
crise,2,5,7
autrefois,1,9,7
panique,1,7,7
brûlant,2,8,7
cloaque,1,7,7
mâchoires,1,10,7
cognèrent,1,10,7
débris,4,7,7
glissé,1,7,7
l'horizon,4,9,7
haveurs,5,7,7
berlines,5,8,7
Recouche-toi,1,12,7
suppliaient,1,11,7
dédain,1,7,7
passion,1,7,7
noces,1,5,7
avoir,13,5,7
l'Homme,2,7,7
continuant,2,10,7
dégorgement,1,12,7
immobile,5,8,7
germination,1,11,7
prévu,1,6,7
détourné,1,10,7
concession,2,10,7
fondre,1,6,7
bougea,3,6,7
restait,19,7,7
bouger,1,6,7
l'alcool,1,8,7
d'autrefois,1,11,7
fumées,1,7,7
achever,2,7,7
écouter,2,8,7
croissait,1,9,7
noires,3,6,7
brume,1,5,7
surent,2,6,7
provocant,1,9,7
gerçaient,1,10,7
sauté,1,6,7
construction,2,12,7
l'injustice,1,11,7
mâcher,1,7,7
disait-il,1,9,7
enfantait,1,9,7
enflant,1,7,7
aboyait,1,7,7
entendu,3,7,7
entends,1,7,7
profusion,1,9,7
accusait,1,8,7
gardiens,1,8,7
foudroyé,1,9,7
nouvel,1,6,7
revanche,2,8,7
raconta,1,7,7
raconte,1,7,7
galibots,2,8,7
seul,12,4,7
échappées,1,11,7
bouleversement,1,14,7
mouchoirs,1,9,7
chance,9,6,7
bruits,6,6,7
empêcher,3,9,7
débouchèrent,1,14,7
posé,3,5,7
qu'on,46,5,7
pareils,1,7,7
niveau,5,6,7
murmurant,1,9,7
bouleverser,1,11,7
Epuisée,1,8,7
pension,2,7,7
épais,1,6,7
savez,1,5,7
repartirent,1,11,7
luisaient,2,9,7
soufflé,2,8,7
repoussât,1,10,7
s'apprêtait,1,12,7
impuissants,1,11,7
s'éteignait,1,12,7
comprimait,2,10,7
wagons,1,6,7
l'opposition,1,12,7
l'emporter,1,10,7
claquement,1,10,7
cohue,1,5,7
jetés,1,6,7
dirait,1,6,7
faisaient,8,9,7
creusait,1,8,7
jaloux,1,6,7
pouces,1,6,7
chez,16,4,7
chef,3,4,7
hors,4,4,7
veillait,1,8,7
l'accusaient,1,12,7
remplacer,1,9,7
crevait,2,7,7
arraché,2,8,7
lèves,1,6,7
calme-toi,1,9,7
épuration,1,10,7
côté,11,6,7
commentaires,1,12,7
payé,1,5,7
rompues,2,7,7
tant,7,4,7
rêvassant,1,10,7
éventrer,1,9,7
souffrance,2,10,7
verdit,1,6,7
rouvrirons,1,10,7
reconnurent,2,11,7
dormaient,2,9,7
qui,217,3,7
triompher,1,9,7
énergique,1,10,7
j'aie,1,5,7
exacte,2,6,7
coins,1,5,7
trouvé,5,7,7
filait,1,6,7
terrifiant,1,10,7
turent,2,6,7
voilà,7,6,7
résignée,1,10,7
bougres,1,7,7
étroits,2,8,7
d'étouffer,1,11,7
partant,1,7,7
vivait,3,6,7
étroite,1,8,7
Anxieux,1,7,7
serpent,1,7,7
repos,1,5,7
l'éventrer,2,11,7
affaissements,2,13,7
précipité,1,11,7
recevait,1,8,7
éclairait,2,10,7
nombre,5,6,7
allumette,1,9,7
Mouquet,1,7,7
nippes,1,6,7
lac,1,3,7
s'agrandissait,1,14,7
l'obligeaient,1,13,7
ironique,1,8,7
las,2,3,7
trouvant,2,8,7
tremblant,3,9,7
rendement,1,9,7
l'inquiétait,1,13,7
roulés,1,7,7
fondit,1,6,7
salon,2,5,7
racontait,3,9,7
rire,7,4,7
examinerons,1,11,7
décidait,1,9,7
enfants,15,7,7
somnolence,1,10,7
paysanne,1,8,7
lâché,3,7,7
vente,1,5,7
filé,1,5,7
fenêtres,5,9,7
tachait,1,7,7
l'obscur,1,8,7
extase,1,6,7
solitaires,1,10,7
tuerie,1,6,7
étalaient,1,10,7
banc,2,4,7
remettaient,2,11,7
restées,1,8,7
crimes,1,6,7
s'annonçait,1,12,7
forts,2,5,7
forte,2,5,7
naissante,1,9,7
Répète,1,8,7
siècle,2,7,7
Jeanne,4,6,7
paupières,5,10,7
fixe,3,4,7
bâton,2,6,7
fixement,1,8,7
clapoter,1,8,7
Jamais,7,6,7
coulerait,1,9,7
champs,3,6,7
tel,7,3,7
Quoi,2,4,7
Cela,6,4,7
débarquer,1,10,7
fouettés,1,9,7
retournait,1,10,7
ténèbres,18,10,7
L'ingénieur,2,12,7
observations,1,12,7
vingtaine,3,9,7
soupirs,2,7,7
empli,3,5,7
Va,4,2,7
l'avaient,4,9,7
promènent,1,10,7
publiées,1,9,7
Cinquante,1,9,7
Ses,7,3,7
fussent,1,7,7
frissonnait,2,11,7
merci,1,5,7
raisonnait,1,10,7
porterai,1,8,7
retentissements,2,15,7
portraits,1,9,7
contenta,3,8,7
n'aura,1,6,7
l'estomac,3,9,7
cruellement,1,11,7
gâter,1,6,7
alors,6,5,7
fiévreux,2,9,7
souffrant,2,9,7
forces,2,6,7
remuait,3,7,7
l'équilibre,1,12,7
effrayée,1,9,7
briquet,1,7,7
briques,7,7,7
grave,1,5,7
commentait,1,10,7
disent,2,6,7
penché,1,7,7
l'entrée,2,9,7
notion,1,6,7
pourraient,1,10,7
buté,1,5,7
dames,1,5,7
isoler,1,6,7
soufflait,3,9,7
Souvarine,15,9,7
expliquant,1,10,7
qu'Etienne,2,10,7
partageait,1,10,7
d'orage,1,7,7
augmenta,3,8,7
prolongée,1,10,7
mesurant,1,8,7
écorchés,1,10,7
de,1205,2,7
venaient,5,8,7
du,213,2,7
offres,1,6,7
furent,9,6,7
s'accumulaient,1,14,7
oublié,2,7,7
creva,2,5,7
épaisse,1,8,7
rêvait,2,7,7
d'amoureuse,1,11,7
bien,63,4,7
introduire,1,10,7
déclarèrent,1,13,7
signé,3,6,7
boiteux,1,7,7
lâche,3,6,7
accrochage,3,10,7
bras,20,4,7
gentils,2,7,7
cou,9,3,7
gourgandine,1,11,7
C'étaient,1,10,7
parisien,1,8,7
première,7,9,7
torrent,5,7,7
neuvième,2,9,7
ils,152,3,7
desserrait,1,10,7
calciné,1,8,7
sceptique,1,9,7
vengeait,1,8,7
poings,2,6,7
cinquante,5,9,7
demain,1,6,7
l'avalanche,1,11,7
cherchait,4,9,7
d'homme,2,7,7
sorbier,1,7,7
jardinier,1,9,7
guettée,1,8,7
glace,2,5,7
patienter,3,9,7
noyât,1,6,7
l'ancienne,1,10,7
coulaient,1,9,7
l'effort,1,8,7
libres,1,6,7
étourdis,1,9,7
air,16,3,7
l'obsédait,1,11,7
maîtresse,2,10,7
voici,1,5,7
étourdie,1,9,7
coupable,2,8,7
délivré,2,9,7
déformée,1,10,7
dedans,1,6,7
dit-elle,1,8,7
soulagea,1,8,7
violentes,1,9,7
féconde,1,8,7
genoux,8,6,7
l'étancher,1,11,7
ensanglantée,1,13,7
suivirent,2,9,7
machineur,5,9,7
rompus,1,6,7
s'aperçoit,1,11,7
galoper,3,7,7
véritable,1,10,7
d'efforts,1,9,7
redescendra,1,11,7
ensanglantés,1,13,7
boyau,4,5,7
Parmi,1,5,7
fraternelle,1,11,7
messieurs,6,9,7
rauque,2,6,7
connue,1,6,7
retournerait,1,12,7
glacée,5,7,7
mangé,4,6,7
expliqué,1,9,7
géant,3,6,7
basses,2,6,7
passerait,2,9,7
eût,14,4,7
distinguèrent,2,14,7
maçonnerie,1,11,7
élan,4,5,7
viendrait,1,9,7
obtenu,1,6,7
antique,1,7,7
étroit,3,7,7
serment,1,7,7
abîmée,1,8,7
salis,1,5,7
bord,5,4,7
huit,4,4,7
denier,1,6,7
adorée,1,7,7
l'ennuya,1,8,7
s'aimèrent,1,11,7
sachant,2,7,7
démolir,1,8,7
rattrapa,2,8,7
larme,2,5,7
posa,3,4,7
d'herbes,1,8,7
l'examinait,1,11,7
démesuré,1,10,7
pli,1,3,7
déchiraient,1,12,7
Pouvait-il,1,10,7
guidait,1,7,7
l'expérience,1,13,7
élargis,1,8,7
indifférente,1,13,7
reparaître,1,11,7
considérée,1,12,7
sauve,1,5,7
d'ailleurs,8,10,7
sauva,1,5,7
pays,7,4,7
imposé,1,7,7
loin,22,4,7
Gaston-Marie,2,12,7
l'odeur,4,7,7
formidable,2,10,7
avortait,1,8,7
l'affaire,1,9,7
côte,8,5,7
s'emplissait,3,12,7
grognements,1,11,7
oubliées,1,9,7
caché,2,6,7
s'occupait,1,10,7
Belleville,1,10,7
imbéciles,3,10,7
permettraient,1,13,7
s'écorchant,1,12,7
limpide,2,7,7
commérages,1,11,7
braves,2,6,7
propreté,1,9,7
emporter,2,8,7
accès,2,6,7
deuxième,3,9,7
d'embarquer,1,11,7
sauvage,1,7,7
saignante,2,9,7
repartit,1,8,7
lança,2,6,7
étudia,1,7,7
débarras,2,9,7
l'un,11,4,7
curiosité,2,10,7
restèrent,4,10,7
celui-ci,6,8,7
promesse,1,8,7
lapidé,1,7,7
petites,4,7,7
sujet,2,5,7
sabots,6,6,7
irritante,1,9,7
rentrer,1,7,7
étudiée,1,9,7
baisse,1,6,7
aurions,3,7,7
allèrent,3,9,7
donner,12,6,7
histoires,1,9,7
dressait,2,8,7
honte,3,5,7
tenaille,1,8,7
frottement,1,10,7
criblé,1,7,7
laideur,1,7,7
frémissaient,1,13,7
partagea,1,8,7
incrédule,2,10,7
mirent,2,6,7
l'humanité,2,11,7
madriers,2,8,7
partager,1,8,7
brave,5,5,7
L'Avantage,3,10,7
regret,3,6,7
idées,3,6,7
bravo,3,5,7
arracher,1,8,7
d'une,77,5,7
quelques,15,8,7
effondrement,3,12,7
éclaboussé,2,12,7
fidèle,1,7,7
sauront,1,7,7
remua,2,5,7
saurons,1,7,7
dégât,1,7,7
l'orient,2,8,7
détails,1,8,7
goûta,1,6,7
arrêter,1,8,7
demeura,2,7,7
demeure,1,7,7
goûts,1,6,7
gorge,13,5,7
cherchèrent,1,12,7
disparaître,2,12,7
instinctif,1,10,7
foutus,1,6,7
grâce,4,6,7
voisins,2,7,7
lentement,10,9,7
brisée,1,7,7
dompter,1,7,7
obstinément,2,12,7
pleurait,3,8,7
installait,1,10,7
apaisante,1,9,7
ciel,10,4,7
C'était,43,8,7
blessés,1,8,7
retirer,1,7,7
tête,34,5,7
rassurer,2,8,7
dénoncer,1,9,7
l'ignorance,1,11,7
Dieu,20,4,7
boueuse,2,7,7
persiennes,1,10,7
responsabilité,1,15,7
n'eut,3,5,7
donnant,1,7,7
finir,3,5,7
blés,3,5,7
finit,4,5,7
remonte,2,7,7
remonta,3,7,7
rendormait,1,10,7
finie,3,5,7
pavé,3,5,7
car,26,3,7
poussée,3,8,7
Heureusement,1,12,7
l'espoir,3,8,7
noce,1,4,7
demi-cercle,1,11,7
d'excuse,1,8,7
phrase,1,6,7
garçon,3,7,7
grasse,2,6,7
raconté,2,8,7
faussait,1,8,7
vidaient,1,8,7
carrefour,1,9,7
aimaient,2,8,7
sûr,7,4,7
discussion,2,10,7
bienveillance,2,13,7
flanc,2,5,7
l'opinion,1,9,7
voulut,6,6,7
parlerait,1,9,7
Jusque-là,2,10,7
boyaux,1,6,7
nerveuse,3,8,7
entendirent,1,11,7
futures,1,7,7
poussiéreuses,1,14,7
rêva,1,5,7
corons,3,6,7
panser,1,6,7
poignée,3,8,7
rosette,1,7,7
enragée,1,8,7
rappelait,3,9,7
revinrent,2,9,7
enragés,1,8,7
inouïes,2,8,7
l'accusation,1,12,7
épouvanté,1,11,7
mené,1,5,7
d'espace,1,8,7
nom,7,3,7
non,8,3,7
sol,6,3,7
poitrines,1,9,7
perdu,5,5,7
provision,1,9,7
nos,2,3,7
déshabilla,1,11,7
gaillards,2,9,7
affolait,1,8,7
en,237,2,7
eh,2,2,7
fixes,4,5,7
accourue,2,8,7
Victoire,2,8,7
parois,3,6,7
laisse,3,6,7
laissa,3,6,7
eu,14,2,7
et,437,2,7
accourus,2,8,7
es,1,2,7
album,1,5,7
Compagnie,10,9,7
l'écho,1,7,7
malheureuses,1,12,7
appelé,1,7,7
desserra,1,8,7
d'inanition,1,11,7
jaunes,4,6,7
plomb,2,5,7
marine,1,6,7
crachat,1,7,7
fiches,1,6,7
étranglée,2,11,7
nouvelles,2,9,7
m'a,3,3,7
s'accordait,1,11,7
tenir,5,5,7
lampisterie,2,11,7
m'étrangler,1,12,7
bêtes,3,6,7
courante,1,8,7
l'affiche,2,9,7
violences,1,9,7
Eux,4,3,7
impossible,3,10,7
courants,2,8,7
savons,1,6,7
gardien,1,7,7
laissait,5,8,7
juge,1,4,7
rouille,1,7,7
juré,3,5,7
visiteraient,1,12,7
Nous,10,4,7
Ecoute,4,6,7
fumait,1,6,7
déformation,1,12,7
soufflets,1,9,7
haussèrent,1,11,7
nourri,1,6,7
avoua,1,5,7
Mais,82,4,7
syndicats,1,9,7
premier,18,7,7
sauta,3,5,7
chapeau,1,7,7
anges,1,5,7
attendait,6,9,7
maudit,1,6,7
deux,69,4,7
affolé,2,7,7
obstruaient,1,11,7
jardins,1,7,7
douze,1,5,7
parla,3,5,7
grondaient,1,10,7
garçonnières,1,14,7
calmèrent,1,10,7
nerveux,2,7,7
plaines,2,7,7
agonisant,2,9,7
fureur,2,6,7
entendra,1,8,7
entendre,2,8,7
mains,15,5,7
rendit,1,6,7
malheureux,2,10,7
battent,1,7,7
d'acier,1,7,7
rendaient,2,9,7
Faites-les,1,10,7
joli,1,4,7
l'accabler,1,10,7
extrême,1,8,7
galerie,20,7,7
garantissant,1,12,7
l'état,2,7,7
bifurcation,1,11,7
Allez,2,5,7
leur,102,4,7
cuvelages,3,9,7
vainement,2,9,7
repousserait,1,12,7
profond,5,7,7
récentes,1,9,7
coupait,1,7,7
grévistes,2,10,7
ouvertes,2,8,7
levée,1,6,7
épouvantée,1,12,7
pouvant,2,7,7
heureux,2,7,7
horreur,1,7,7
d'épouvante,1,12,7
garda,1,5,7
détermina,1,10,7
détermine,1,10,7
inutile,5,7,7
vrai,9,4,7
vue,4,3,7
bourdonnantes,1,13,7
aura,1,4,7
stupide,1,7,7
boue,6,4,7
comprenaient,2,12,7
rencontrât,1,11,7
obéissante,1,11,7
creuser,2,7,7
inexplicable,1,12,7
Dodelinant,1,10,7
rouée,1,6,7
attelait,1,8,7
qu'il,84,5,7
maladroit,1,9,7
l'abîme,2,8,7
L'inondation,1,12,7
dangers,1,7,7
chancelé,1,9,7
monsieur,4,8,7
fours,1,5,7
tutoyant,2,8,7
argent,1,6,7
fendirent,1,9,7
effondrée,1,10,7
bleuies,1,7,7
réveil,4,7,7
jointes,1,7,7
soif,1,4,7
soin,4,4,7
Seule,2,5,7
soit,2,4,7
crainte,5,7,7
soir,10,4,7
utile,1,5,7
Hurlante,1,8,7
lui-même,12,9,7
rétablir,1,9,7
il,445,2,7
s'enfonçaient,1,14,7
figures,1,7,7
élevé,1,7,7
éprouva,1,8,7
écroulées,1,11,7
explications,3,12,7
n'est,9,5,7
J'y,1,3,7
Celle-ci,1,8,7
agité,2,6,7
s'éveiller,1,11,7
voulait,17,7,7
butèrent,1,9,7
s'inquiéta,1,11,7
l'excitation,1,12,7
suppliant,1,9,7
travaillaient,1,13,7
taille,3,6,7
battaient,4,9,7
Poussée,1,8,7
puberté,1,8,7
s'enrageaient,1,13,7
Cependant,8,9,7
terrains,6,8,7
creusaient,1,10,7
versa,1,5,7
endommagés,1,11,7
ami,3,3,7
envie,4,5,7
certaine,1,8,7
passaient,4,9,7
crachaient,1,10,7
tombant,1,7,7
n'arriverait,1,12,7
certains,1,8,7
Tous,8,4,7
Tout,15,4,7
abaissant,1,9,7
communiquer,2,11,7
demi-heure,3,10,7
fortune,2,7,7
faire,29,5,7
miracle,1,7,7
espérait,2,9,7
pâlissait,1,10,7
hissés,1,7,7
Emmène-moi,2,11,7
piétinait,2,10,7
Quelques-uns,1,12,7
disait,7,6,7
démarche,1,9,7
disais,2,6,7
rayonnait,1,9,7
chefs,5,5,7
jardinière,1,11,7
grondait,3,8,7
préparaient,1,12,7
réfugier,2,9,7
palefrenier,3,11,7
dormiraient,2,11,7
gaieté,2,7,7
l'étalage,1,10,7
tentatives,1,10,7
éclairaient,1,12,7
réveillant,1,11,7
là-dessous,1,11,7
escalier,1,8,7
savais,1,6,7
détesté,1,9,7
cogner,1,6,7
travaillées,1,12,7
après,25,6,7
redingotes,1,10,7
heurta,1,6,7
progressif,1,10,7
punis,1,5,7
Etaient-ce,1,10,7
masure,1,6,7
s'était,41,8,7
câbles,3,7,7
qu'était-ce,1,12,7
gourme,1,6,7
qu'ils,40,6,7
chambre,4,7,7
ventre,9,6,7
extrémité,1,11,7
rendait,2,7,7
colla,3,5,7
s'établissait,1,14,7
atteignaient,1,12,7
croyant,1,7,7
craindre,2,8,7
n'avoir,3,7,7
dimanche,1,8,7
poursuivis,1,10,7
fermer,1,6,7
Entre,3,5,7
trompant,1,8,7
peau,7,4,7
corbeille,1,9,7
sauras,1,6,7
montrés,1,8,7
repas,1,5,7
monte,1,5,7
chuchotant,1,10,7
monta,4,5,7
s'arrêta,3,9,7
prononça,1,9,7
blanche,5,7,7
l'allumer,1,9,7
ému,2,4,7
perdait,3,7,7
rencontrant,1,11,7
tenaient,3,8,7
raidissait,2,10,7
empoigné,2,9,7
s'attaqua,1,9,7
retomber,1,8,7
Elle,55,4,7
tâtonnait,1,10,7
guichet,1,7,7
fourche,1,7,7
ravoir,1,6,7
vers,15,4,7
l'huile,1,7,7
roulait,1,7,7
l'abattoir,2,10,7
épave,1,6,7
fusillade,1,9,7
tournoyant,1,10,7
sauraient,1,9,7
colossal,1,8,7
oreilles,5,8,7
d'enfants,1,9,7
géométrique,1,13,7
adieux,1,6,7
communiquait,2,12,7
flottant,1,8,7
circuler,1,8,7
l'accord,1,8,7
reconnaître,3,12,7
tempête,3,8,7
tranquille,8,10,7
frappa,1,6,7
traqué,1,7,7
contraire,5,9,7
coeurs,2,6,7
couloir,2,7,7
laver,1,5,7
redevenu,1,8,7
aimer,1,5,7
soupçonnés,1,12,7
ouvraient,1,9,7
posées,1,7,7
promettent,1,10,7
rebondissant,1,12,7
d'appeler,1,9,7
dénouait,1,9,7
rencontré,2,10,7
passionnément,1,14,7
régions,1,8,7
selon,1,5,7
quelques-uns,1,12,7
commencer,1,9,7
règles,1,7,7
derrière,17,9,7
regrettable,1,11,7
Si,10,2,7
excusa,1,6,7
Sa,7,2,7
gauche,8,6,7
refouler,2,8,7
envahis,1,7,7
l'église,1,9,7
retombèrent,1,12,7
s'effondrât,1,12,7
sentinelle,1,10,7
tartines,3,8,7
là-bas,18,7,7
visage,6,6,7
Marchiennes,3,11,7
propageaient,1,12,7
sortiraient,1,11,7
pièces,8,7,7
rentré,1,7,7
jaillissant,1,11,7
d'attendre,2,10,7
calme,6,5,7
Ranvier,1,7,7
calma,2,5,7
stupéfait,1,10,7
chope,1,5,7
capitaine,1,9,7
l'affreuse,1,10,7
spectateurs,1,11,7
tristesse,3,9,7
gardé,1,6,7
débouchait,2,11,7
brumeux,1,7,7
a,19,1,7
nausée,1,7,7
Comme,4,5,7
laissé,5,7,7
sauterait,1,9,7
violemment,3,10,7
arrêtait,1,9,7
l'espérance,1,12,7
t'étrangle,1,11,7
toiture,1,7,7
mètre,1,6,7
s'asseyait,2,10,7
Chaque,1,6,7
quelles,1,7,7
obstinés,1,9,7
déclaré,3,9,7
clocher,2,7,7
organisaient,1,12,7
averti,1,6,7
gâchis,2,7,7
l'éviter,1,9,7
malins,2,6,7
cet,14,3,7
ces,53,3,7
superbe,1,7,7
s'allumaient,1,12,7
enveloppa,1,9,7
côtes,1,6,7
l'extrémité,1,13,7
payer,3,5,7
percevaient,1,11,7
mordre,1,6,7
renflés,1,8,7
céder,1,6,7
déserteur,1,10,7
Laisse-la,1,9,7
préférait,2,11,7
prenait,4,7,7
suprême,3,8,7
Guillaume,3,9,7
inconnue,1,8,7
luttant,2,7,7
s'entêtait,4,11,7
offre,1,5,7
dix,14,3,7
issue,2,5,7
perdît,1,7,7
rancune,5,7,7
avertit,1,7,7
goyots,1,6,7
avertir,1,7,7
dira,1,4,7
dire,11,4,7
put,3,3,7
voies,5,5,7
pur,4,3,7
montagnes,1,9,7
haleines,2,8,7
terrible,12,8,7
Seulement,2,9,7
s'affaiblissaient,1,17,7
Rentre,1,6,7
tassèrent,1,10,7
mise,2,4,7
Salaud,1,6,7
fuites,5,6,7
bourgeons,1,9,7
questionnait,1,12,7
foutre,2,6,7
qu'une,18,6,7
bégayaient,1,11,7
d'attraper,1,10,7
réunir,1,7,7
tâter,1,6,7
diminuant,1,9,7
longtemps,9,9,7
montaient,1,9,7
bride,1,5,7
redressement,1,12,7
battait,3,7,7
remarque,1,8,7
aussi,30,5,7
seules,2,6,7
frapper,1,7,7
courbait,2,8,7
burent,1,6,7
série,1,6,7
Qu'avait-il,1,11,7
faisons,1,7,7
constructions,1,13,7
jour,40,4,7
l'obscurité,1,12,7
réconforta,1,11,7
l'attendre,1,10,7
cave,1,4,7
déposé,1,8,7
lit,6,3,7
suivante,2,8,7
suivi,4,5,7
purement,1,8,7
promenade,3,9,7
houillères,1,11,7
cracher,2,7,7
logique,1,7,7
reprend,1,7,7
empêchaient,1,12,7
crevée,2,7,7
fosse,35,5,7
isolés,1,7,7
regardé,1,8,7
restés,2,7,7
alouettes,1,9,7
prisonniers,4,11,7
restée,3,7,7
nuée,2,5,7
affinés,1,8,7
combattre,1,9,7
justice,4,7,7
bonheur,5,7,7
quel,5,4,7
stupéfiés,1,11,7
succès,2,7,7
sentait,8,7,7
matin-là,1,9,7
poil,2,4,7
montra,1,6,7
interminable,1,12,7
lampes,9,6,7
porte-voix,1,10,7
conclure,1,8,7
voyageurs,1,9,7
broyait,1,7,7
vingt,16,5,7
enveloppé,1,10,7
sauvagerie,2,10,7
hardis,1,6,7
voler,2,5,7
remué,1,6,7
France,1,6,7
souvenait,3,9,7
passèrent,3,10,7
hoquet,1,6,7
causé,1,6,7
éclatait,2,9,7
exécrait,2,9,7
engourdi,1,8,7
Sans,9,4,7
effet,4,5,7
regardant,3,9,7
aille,1,5,7
brutalement,1,11,7
passe,2,5,7
d'ici,1,5,7
marâtre,1,8,7
vérité,2,8,7
vastes,1,6,7
ardentes,1,8,7
essayé,2,7,7
s'attachait,1,11,7
lorsqu'un,2,9,7
Feutry-Cantel,1,13,7
germes,1,6,7
aplatir,1,7,7
parleurs,1,8,7
transmet,1,8,7
apitoyée,1,9,7
dame,1,4,7
Méfie-toi,1,10,7
d'où,4,5,7
grille,1,6,7
s'il,14,4,7
cessait,1,7,7
crevé,2,6,7
d'hommes,4,8,7
affiche,1,7,7
âge,1,4,7
chariots,1,8,7
battante,1,8,7
sombre,3,6,7
l'obligeait,1,11,7
l'incendie,1,10,7
carreau,1,7,7
conter,1,6,7
retombés,1,9,7
réparations,1,12,7
grand,27,5,7
haut,11,4,7
bon,25,3,7
secoua,3,6,7
tellement,5,9,7
jetèrent,3,9,7
grondement,1,10,7
réglementaire,2,14,7
fentes,1,6,7
sentirent,1,9,7
s'entraider,1,11,7
Vandame,5,7,7
achevât,1,8,7
coup,30,4,7
Allons,1,6,7
puits,33,5,7
cervelle,4,8,7
fouillé,1,8,7
premières,1,10,7
culbutaient,1,11,7
examina,1,7,7
comptait,3,8,7
qu'en,1,5,7
Silencieux,1,10,7
raccommoder,1,11,7
virait,1,6,7
arrivèrent,1,11,7
obéir,1,6,7
Madeleine,2,9,7
emmène-moi,3,11,7
rêvé,2,6,7
signal,6,6,7
firent,3,6,7
minces,3,6,7
donne,1,5,7
veste,11,5,7
l'ébranlait,1,12,7
donna,7,5,7
foudre,1,6,7
tousser,1,7,7
célébration,1,13,7
vorace,1,6,7
autres,40,6,7
pierre,3,6,7
souricière,2,11,7
joues,3,5,7
orgueil,1,7,7
jamais,14,6,7
ouvert,1,6,7
l'empereur,1,10,7
Moscou,2,6,7
jouissance,1,10,7
délivrer,2,9,7
tendre,3,6,7
disparut,6,8,7
dorment,1,7,7
disparus,1,8,7
oreille,8,7,7
arrangeait,2,10,7
rua,2,3,7
entamé,1,7,7
rue,1,3,7
disparue,1,8,7
pouvaient,6,9,7
garde-moi,2,9,7
socialistes,1,11,7
Comment,5,7,7
bleue,2,5,7
formidables,1,11,7
poudre,4,6,7
déblayer,2,9,7
faits,3,5,7
coupées,1,8,7
silence,23,7,7
Puis,35,4,7
quittant,1,8,7
chômait,1,8,7
arrêt,1,6,7
générale,2,10,7
convulsion,1,10,7
trottant,1,8,7
caresses,1,8,7
l'écoutait,2,11,7
mangeait,1,8,7
mordait,1,7,7
poutre,3,6,7
accumulé,1,9,7
écho,2,5,7
luisants,1,8,7
bossu,1,5,7
l'employait,1,11,7
tourbillon,1,10,7
échappait,3,10,7
demandait,2,9,7
évidemment,4,11,7
annoncé,2,8,7
sottises,1,8,7
Tu,11,2,7
fallait,19,7,7
Te,1,2,7
irrité,1,7,7
murs,4,4,7
coudoiement,1,11,7
prières,1,8,7
comprends,1,9,7
forge,1,5,7
compté,1,7,7
changés,1,8,7
bravade,1,7,7
rester,6,6,7
chacun,6,6,7
Décidément,1,12,7
refermèrent,1,12,7
vivace,1,6,7
rapproché,1,10,7
défiance,1,9,7
visite,1,6,7
Négrel,32,7,7
décuveler,1,10,7
péril,6,6,7
Ah,15,2,7
penchait,2,8,7
betteraves,1,10,7
édifice,1,8,7
Au,16,2,7
éboulées,3,10,7
puisard,1,7,7
rencontre,1,9,7
reprendre,4,9,7
paresses,1,8,7
rencontra,2,9,7
l'épaisseur,1,12,7
d'honneur,3,9,7
anxiété,1,9,7
Bébert,1,7,7
assommé,2,8,7
jeunesse,3,8,7
tenait,9,6,7
Nom,5,3,7
Non,14,3,7
Mouque,13,6,7
mouraient,1,9,7
suite,18,5,7
brandissage,3,11,7
chuchotantes,1,12,7
prudence,2,8,7
haleine,1,7,7
culbuter,1,8,7
étouffées,1,11,7
affiches,5,8,7
comblée,1,8,7
ouvriers,24,8,7
promettait,1,10,7
catastrophes,2,12,7
trompé,1,7,7
grelottait,1,10,7
ardent,1,6,7
l'occupation,1,12,7
eurent,3,6,7
tressaillait,1,12,7
saignait,1,8,7
sociétés,1,10,7
flairant,1,8,7
Heure,1,5,7
cela,7,4,7
s'anéantissait,1,15,7
désespérait,1,13,7
pesait,2,6,7
forfait,1,7,7
tâchera,1,8,7
chant,3,5,7
gens,5,4,7
s'émietter,2,11,7
s'écartaient,1,13,7
déformaient,1,12,7
contrarié,1,10,7
nécessaires,1,12,7
danger,7,6,7
clous,1,5,7
l'affolement,1,12,7
violente,3,8,7
stupides,1,8,7
couche,5,6,7
voyons,1,6,7
galopait,3,8,7
répondre,5,9,7
s'épouvantèrent,1,17,7
luttes,1,6,7
levait,3,6,7
mauvaise,4,8,7
d'arriver,1,9,7
cassée,1,7,7
manière,1,8,7
diminua,1,7,7
cassés,1,7,7
ricana,1,6,7
votre,1,5,7
pardonnait,2,10,7
courages,1,8,7
répandit,1,9,7
gonflaient,4,10,7
avaient-ils,1,11,7
caresse,2,7,7
encombrante,1,11,7
titre,1,5,7
immoral,1,7,7
bouillonnante,1,13,7
précédant,1,11,7
foules,1,6,7
rendraient,1,10,7
l'escalier,1,10,7
entrer,2,6,7
colonnades,1,10,7
allégresse,3,11,7
clairs,2,6,7
fleuve,2,6,7
allant,1,6,7
claire,1,6,7
resserrer,1,9,7
reculaient,2,10,7
L'affaire,1,9,7
élargi,2,7,7
s'éclairèrent,1,15,7
irrésistible,2,13,7
masses,2,6,7
l'adresse,1,9,7
d'huile,1,7,7
aimait,2,6,7
venait,20,6,7
hommes,31,6,7
épousseter,1,11,7
pleine,2,6,7
demeurée,1,9,7
tourmentée,1,11,7
l'autre,24,7,7
bâtiment,2,9,7
front,6,5,7
rencontrer,3,10,7
suffi,1,5,7
enragés-là,1,12,7
défaite,4,8,7
d'eau,11,5,7
Jaune,1,5,7
armé,2,5,7
sentaient,3,9,7
inconnu,1,7,7
paquets,3,7,7
refusa-t-il,1,11,7
doutes,3,6,7
douter,1,6,7
Attirés,1,8,7
s'écrasait,2,11,7
bougé,4,6,7
habitait,1,8,7
éboulement,4,11,7
cause,7,5,7
dévalaient,1,11,7
enflée,1,7,7
flamme,5,6,7
l'étouffement,1,14,7
enflés,2,7,7
printemps,3,9,7
quittés,2,8,7
route,9,5,7
redescends,1,10,7
porté,1,6,7
devenait,6,8,7
ruisselait,1,10,7
bouchait,3,8,7
ramassant,1,9,7
l'audace,1,8,7
ronflait,3,8,7
savait,12,6,7
final,1,5,7
oiseaux,1,7,7
augmenté,1,9,7
équipes,1,8,7
manteau,1,7,7
exténués,1,10,7
degrés,1,7,7
l'envahissait,1,13,7
années,5,7,7
désillusionné,1,15,7
maintenir,1,9,7
désespéreraient,1,17,7
L'autre,3,7,7
séparaient,2,11,7
difficultés,3,12,7
jaune,2,5,7
gazonné,1,8,7
tirant,1,6,7
cascade,1,7,7
l'appui,1,7,7
s'entêtaient,2,13,7
physique,1,8,7
d'échapper,1,11,7
carrément,1,10,7
promettre,1,9,7
cachant,1,7,7
buvaient,2,8,7
montant,3,7,7
chasse,1,6,7
bégayait,3,9,7
Très,4,5,7
vengeance,2,9,7
maintenant,25,10,7
comprenant,2,10,7
l'exploiteur,1,12,7
nommé,1,6,7
n'ayant,1,7,7
l'entendait,4,11,7
disputait,1,9,7
puisque,3,7,7
grelottante,2,11,7
membres,4,7,7
campagne,3,8,7
grelottants,1,11,7
doigts,5,6,7
laisse-moi,1,10,7
passa,4,5,7
tira,1,4,7
vilebrequin,4,11,7
marteau,3,7,7
raconter,1,8,7
employer,1,8,7
libre,8,5,7
Chaval,30,6,7
courir,2,6,7
sentirait,1,9,7
s'attardaient,1,13,7
trouver,2,7,7
fêtait,1,7,7
outils,6,6,7
ouverte,3,7,7
gras,1,4,7
ouverts,1,7,7
entêtée,1,9,7
C'est,10,5,7
beffroi,2,7,7
jurait,3,6,7
maigre,1,6,7
entrent,1,7,7
craché,2,7,7
terminé,1,8,7
lut,1,3,7
preuve,1,6,7
épaules,11,8,7
raisonnables,1,12,7
hauts,1,5,7
relâche,4,8,7
fainéants,1,10,7
lui,130,3,7
baril,1,5,7
tenu,1,4,7
recommencerait,1,14,7
éponge,1,7,7
congédier,1,10,7
centaines,1,9,7
inquiets,1,8,7
flots,2,5,7
Leurs,2,5,7
abîmant,1,8,7
épouvante,1,10,7
calculait,1,9,7
craqué,1,7,7
cent,14,4,7
redoublait,2,10,7
réglé,1,7,7
transpiré,1,10,7
embarrassée,1,12,7
épouvantable,1,13,7
fureurs,1,7,7
annonçait,2,10,7
s'étranglait,3,13,7
enfermés,5,9,7
d'Alzire,1,8,7
reculent,1,8,7
surface,2,7,7
demi,2,4,7
revit,3,5,7
Broyée,1,7,7
Darwin,3,6,7
rejeta,1,6,7
parti,4,5,7
chants,1,6,7
parts,3,5,7
décidaient,1,11,7
commencèrent,1,13,7
Pour,4,4,7
amènerait,2,10,7
destruction,3,11,7
regardèrent,4,12,7
amende,1,6,7
l'astre,1,7,7
immédiat,1,9,7
obstacles,1,9,7
refléta,1,8,7
branle,4,6,7
foutait,1,7,7
demeurait,4,9,7
s'entêta,1,9,7
pense,1,5,7
s'enchevêtrant,1,15,7
frissons,1,8,7
sources,3,7,7
ruaient,1,7,7
crèvera,1,8,7
femme,19,5,7
tapant,3,6,7
répondait,6,10,7
énervé,1,8,7
vida,1,4,7
vide,8,4,7
crevèrent,1,10,7
rébellions,1,11,7
voudraient,1,10,7
chienne,1,7,7
enfila,1,6,7
poursuivit-elle,1,15,7
pensée,7,7,7
lève,2,5,7
barrait,2,7,7
sages,1,5,7
héros,3,6,7
cendre,4,6,7
page,1,4,7
muettes,1,7,7
l'étreignait,1,13,7
fatalité,1,9,7
Toute,2,5,7
terres,6,6,7
l'attendirent,1,13,7
aplani,1,6,7
d'avancement,1,12,7
cataracte,1,9,7
journal,2,7,7
relais,1,6,7
Un,31,2,7
instinct,1,8,7
refuge,1,6,7
l'ôter,1,7,7
jaillissaient,1,13,7
madame,3,6,7
ondes,1,5,7
discrètement,1,13,7
vidée,1,6,7
rapprochait,4,11,7
théorie,1,8,7
tabernacle,1,10,7
payait,2,6,7
impatience,1,10,7
tireraient,1,10,7
marqueur,1,8,7
prononcer,1,9,7
s'alignait,1,10,7
fidèles,1,8,7
dissiper,1,8,7
simplement,10,10,7
pratiquèrent,1,13,7
leçon,1,6,7
reconquérait,1,13,7
galibot,2,7,7
tranché,1,8,7
endiguer,1,8,7
eau,5,3,7
gaie,1,4,7
allongea,1,8,7
baiser,1,6,7
bousculait,2,10,7
forçait,1,8,7
allonger,1,8,7
cruel,1,5,7
augmenter,1,9,7
sauvée,1,7,7
traînard,1,9,7
acculés,2,8,7
admettre,1,8,7
chercher,4,8,7
calculer,1,8,7
supposait,1,9,7
saigner,1,7,7
touchait,2,8,7
volées,1,7,7
l'impératrice,1,14,7
chemise,4,7,7
futur,2,5,7
tenté,2,6,7
constaté,1,9,7
égarements,1,11,7
fois,34,4,7
s'assurer,1,9,7
joué,1,5,7
père,14,5,7
tatouée,1,8,7
soulevait,2,9,7
Qu'arrivait-il,1,14,7
passionnait,1,11,7
n'être,1,7,7
gestes,3,6,7
pardon,2,6,7
rapprocha,1,9,7
L'embarras,1,10,7
cinquante-quatre,1,16,7
d'avril,2,7,7
boudé,1,6,7
aux,50,3,7
demeuré,2,8,7
intérieurs,1,11,7
l'effroyable,1,12,7
imaginé,1,8,7
agonisante,1,10,7
voie,9,4,7
s'attarder,1,10,7
voix,26,4,7
tandis,18,6,7
voir,24,4,7
vois,1,4,7
causèrent,1,10,7
correct,1,7,7
pardons,1,7,7
tordus,1,6,7
gigantesques,1,12,7
culbutant,1,9,7
force,19,5,7
bouilli,1,7,7
défilaient,1,11,7
histoire,1,8,7
s'effondrer,1,11,7
pans,1,4,7
menaçaient,3,11,7
berline,5,7,7
l'enchanta,1,10,7
sueurs,1,6,7
voulût,1,7,7
parurent,1,8,7
s'efforcèrent,1,14,7
nez,4,3,7
Compagnies,1,10,7
chaleur,6,7,7
propre,4,6,7
niche,1,5,7
l'engourdissement,1,17,7
neveu,1,5,7
meurt,1,5,7
met,1,3,7
d'alouette,1,10,7
revivre,1,7,7
mer,6,3,7
n'ouvraient,1,11,7
maman,2,5,7
D'ailleurs,7,10,7
taper,6,5,7
galop,3,5,7
boisé,1,6,7
resta,3,5,7
reste,3,5,7
zèle,1,5,7
soldat,6,6,7
soufflèrent,1,12,7
bouchées,1,9,7
égorgé,2,8,7
légende,1,8,7
cala,1,4,7
Etait-ce,3,8,7
laissez-y,1,9,7
semble,1,6,7
gravité,1,8,7
râlant,1,7,7
disparition,1,11,7
débordement,4,12,7
Bon-Joyeux,1,10,7
fichu,4,5,7
absolument,1,10,7
dormait,6,7,7
cailloux,1,8,7
baraque,5,7,7
fiche,2,5,7
avait-il,2,8,7
d'équipe,1,9,7
remarqué,1,9,7
étouffée,1,10,7
s'attendrirent,1,14,7
quoi,11,4,7
grisaient,2,9,7
grise,1,5,7
éprouvaient,1,12,7
brigand,1,7,7
d'avoir,12,7,7
descendu,2,8,7
descends,1,8,7
barrés,1,7,7
gorgée,4,7,7
Debout,2,6,7
grillée,1,8,7
Depuis,12,6,7
s'étreignirent,1,15,7
Malheureusement,1,15,7
afin,1,4,7
famille,3,7,7
vilains,1,7,7
reliés,1,7,7
fauché,1,7,7
serviraient,1,11,7
discrète,1,9,7
victimes,2,8,7
vivre,13,5,7
était,107,6,7
promis,2,6,7
bons,5,4,7
aucun,4,5,7
mauvais,3,7,7
inavouée,1,9,7
L'attente,1,9,7
traînait,2,9,7
mouillait,1,9,7
somnolent,1,9,7
doux,1,4,7
criait-elle,1,11,7
furieux,4,7,7
jours,17,5,7
crapule,1,7,7
plaignaient,1,11,7
Là-bas,2,7,7
l'immense,1,9,7
langue,1,6,7
vécurent,1,9,7
l'embarras,1,10,7
contenu,1,7,7
retourner,7,9,7
n'existait,2,10,7
douceur,2,7,7
l'auraient,1,10,7
avancée,1,8,7
goudronné,1,10,7
toits,1,5,7
incessantes,1,11,7
sauver,2,6,7
loup,1,4,7
récit,2,6,7
rapides,1,7,7
longue,4,6,7
massif,2,6,7
heureusement,1,12,7
l'illusion,1,10,7
l'eût,1,6,7
Etienne,82,7,7
répétait,2,10,7
malédiction,1,12,7
attaque,1,7,7
répondirent,2,12,7
attaqua,1,7,7
débarquant,1,11,7
est-ce,10,6,7
n'étaient,7,10,7
résultat,2,9,7
reculât,1,8,7
dînerait,1,9,7
villages,1,8,7
partaient,1,9,7
l'accès,1,8,7
distance,4,8,7
Vivement,1,8,7
trouverait,1,10,7
désira,1,7,7
noyait,2,6,7
tonnerre,1,8,7
glissaient,1,10,7
recommence,2,10,7
Alors,24,5,7
telle,10,5,7
lumière,10,8,7
commandement,1,12,7
caler,1,5,7
chaîne,1,7,7
s'éteignaient,1,14,7
faveur,2,6,7
gobé,1,5,7
ébranlaient,1,12,7
pressait,1,8,7
l'obstiné,1,10,7
urgence,1,7,7
pointe,2,6,7
entrain,1,7,7
vivraient,1,9,7
vacillait,1,9,7
points,1,6,7
arrêté,4,8,7
décrocher,1,10,7
dos,8,3,7
certainement,2,12,7
entrait,1,7,7
naguère,1,8,7
Est-ce,9,6,7
descendus,2,9,7
frissonnant,1,11,7
pratiquée,1,10,7
tendresse,2,9,7
pattes,1,6,7
traverses,1,9,7
bas,13,3,7
excité,1,7,7
scier,1,5,7
menaçant,1,9,7
souterraine,3,11,7
l'entendre,2,10,7
maigres,1,7,7
restaient,3,9,7
souterrains,1,11,7
d'y,3,3,7
grêle,1,6,7
sorti,4,5,7
voyage,3,6,7
notaire,2,7,7
sorte,4,5,7
mangeaient,2,10,7
sais,7,4,7
levèrent,3,9,7
vaut,2,4,7
bête,16,5,7
vilaines,1,8,7
cousin,1,6,7
uns,6,3,7
Dix-Huit-Pouces,1,15,7
abandonner,2,10,7
sciait,1,6,7
montrait,3,8,7
une,259,3,7
portant,1,7,7
pressés,1,8,7
l'emportaient,1,13,7
l'avait,17,7,7
scientifique,1,12,7
trouées,1,8,7
constamment,2,11,7
remords,2,7,7
rivelaine,5,9,7
paille,1,6,7
dangereux,2,9,7
inondée,3,8,7
milieu,16,6,7
puissance,1,9,7
trente-deux,1,11,7
atterrés,1,9,7
regrettes,1,9,7
Vaguement,1,9,7
fortement,3,9,7
résistaient,1,12,7
fuite,6,5,7
exception,1,9,7
Catherine,46,9,7
Ca,8,2,7
inquiète,1,9,7
Ce,24,2,7
calcul,1,6,7
tâchèrent,1,11,7
s'accroissait,1,13,7
servir,2,6,7
L'allée,1,8,7
existence,3,9,7
fondaient,1,9,7
gifla,1,5,7
t'aimais,1,8,7
gifle,1,5,7
gagné,1,6,7
tremblements,1,12,7
carmin,1,6,7
l'emportait,1,11,7
quand,36,5,7
belle,4,5,7
kilomètres,2,11,7
décider,1,8,7
va-t-en,1,7,7
vapeurs,2,7,7
entière,4,8,7
cadeau,2,6,7
mouvantes,1,9,7
Mélanie,1,8,7
elle,178,4,7
triste,2,6,7
vieux,30,5,7
Jean-Bart,3,9,7
serait-il,1,9,7
poutres,3,7,7
glu,1,3,7
submergeait,1,11,7
l'égouttement,1,14,7
contenir,1,8,7
abandonneraient,1,15,7
apaiser,1,7,7
partirent,1,9,7
vendu,1,5,7
mufle,1,5,7
souterraines,1,12,7
masse,7,5,7
concluait,1,9,7
attendraient-ils,1,16,7
égarés,3,8,7
huitième,1,9,7
compléter,1,10,7
bielle,2,6,7
regarder,5,8,7
Celui-ci,3,8,7
coron,19,5,7
cadavres,2,8,7
sonnait,2,7,7
d'amour,1,7,7
assis,7,5,7
misère,10,7,7
mesure,4,6,7
goudronnées,1,12,7
l'armoire,1,9,7
saurait,1,7,7
conciliation,3,12,7
ventilateurs,2,12,7
pain,14,4,7
t'ai,1,4,7
atteint,1,7,7
n'aurait,5,8,7
endurées,1,9,7
devinais,1,8,7
devinait,1,8,7
descendirent,1,12,7
sixième,1,8,7
l'ivresse,1,9,7
courais,1,7,7
courait,3,7,7
déboula,1,8,7
tâcha,2,6,7
tâche,1,6,7
commit,1,6,7
rêve,5,5,7
dirigeant,1,9,7
l'eau,23,5,7
effleurer,1,9,7
visages,1,7,7
Montsou,20,7,7
lien,1,4,7
système,1,8,7
poussait,6,8,7
arrêtée,2,9,7
lieu,3,4,7
seraient,2,8,7
s'aggravait,1,11,7
conté,1,6,7
c'est,18,5,7
muets,2,5,7
L'eau,8,5,7
farine,2,6,7
effondrées,1,11,7
bagne,1,5,7
grimper,1,7,7
Parfois,1,7,7
mécanisme,1,10,7
bavardage,1,9,7
embraserait,1,11,7
diviser,1,7,7
disloquée,1,10,7
s'endormit,1,10,7
fort,8,4,7
mornes,2,6,7
mauvaises,2,9,7
prononcé,1,9,7
attacher,1,8,7
affreuses,1,9,7
petit,11,5,7
dites,2,5,7
brandisseurs,1,12,7
espérèrent,1,12,7
d'abominations,1,14,7
envoya,1,6,7
sourdes,1,7,7
frappée,2,8,7
dieu,1,4,7
rendus,2,6,7
lignes,2,6,7
muqueuse,1,8,7
bégaya,2,7,7
redescendrait,2,13,7
tapaient,3,8,7
frissonnèrent,1,14,7
écroulement,1,12,7
ciseau,1,6,7
redoubla,1,8,7
gerbes,1,6,7
dû,6,3,7
oncle,1,5,7
muette,9,6,7
rancunes,1,8,7
dévorèrent,1,12,7
chanceler,1,9,7
battre,7,6,7
silencieuse,2,11,7
Plus,3,4,7
s'agitait,2,9,7
renvoyât,1,9,7
fraîche,3,8,7
dit,26,3,7
étouffant,1,10,7
attendre,7,8,7
dis,4,3,7
ville,4,5,7
Borains,1,7,7
emballé,1,8,7
Calais,1,6,7
voulons,1,7,7
débauches,1,10,7
gouttières,1,11,7
déplacement,1,12,7
filles,3,6,7
abattus,1,7,7
murmura-t-il,2,12,7
abattue,1,7,7
n'estimait,1,10,7
remplaçait,1,11,7
passait,1,7,7
accompagner,1,11,7
voiture,4,7,7
moyens,1,6,7
renvoie-le,1,10,7
crétacé,1,9,7
chancelait,1,10,7
Pourquoi,3,8,7
d'angoisse,3,10,7
l'ancien,3,8,7
riaient,1,7,7
baissé,2,7,7
savoir,5,6,7
refuses,1,7,7
refuser,1,7,7
dénouèrent,1,12,7
séparé,1,8,7
emmena,2,6,7
croyances,1,9,7
lieutenants,1,11,7
mourons,1,7,7
dérangés,1,10,7
francs,2,6,7
voyait,12,6,7
révolutionnaire,1,16,7
voyais,1,6,7
n'allât,1,8,7
vous,24,4,7
eux-mêmes,4,10,7
suivaient,3,9,7
appel,1,5,7
effort,4,6,7
militaire,1,9,7
dévorait,3,9,7
supérieure,2,11,7
coupables,1,9,7
sous,62,4,7
tueur,1,5,7
arriva,5,6,7
faite,1,5,7
graines,1,7,7
perdaient,4,9,7
devait-on,1,9,7
clair,5,5,7
parce,4,5,7
assurait,1,8,7
conduire,1,8,7
diminuaient,1,11,7
L'après-midi,1,13,7
coudes,1,6,7
repu,2,4,7
qu'est-ce,8,9,7
Confusément,1,12,7
n'osait,2,7,7
câble,7,6,7
reverrai,1,8,7
gros,12,4,7
marchaient,4,10,7
mal,10,3,7
facile,2,6,7
avant,13,5,7
né,1,3,7
nous,46,4,7
sanglotaient,1,12,7
Piolaine,1,8,7
mûrissait,1,10,7
dérange,1,8,7
agonie,1,6,7
tragique,3,8,7
pointes,1,7,7
mais,31,4,7
promenant,1,9,7
allumer,1,7,7
matinée,4,8,7
n'écoutait,1,11,7
main,28,4,7
dompté,1,7,7
n'hésita,1,9,7
risquèrent,1,11,7
l'impétuosité,1,15,7
retombé,1,8,7
Autour,1,6,7
apportaient,1,11,7
continuité,1,11,7
Dansaert,9,8,7
ancien,2,6,7
nageait,1,7,7
Toutes,4,6,7
continu,6,7,7
bougnou,2,7,7
cinquième,3,10,7
Lui,11,3,7
rougeâtre,1,10,7
homme,32,5,7
rentrèrent,1,11,7
fasse,1,5,7
essaie,1,6,7
songer,3,6,7
frappèrent,1,11,7
revenait,5,8,7
d'écume,3,8,7
laissât,1,8,7
avaler,1,6,7
s'achevait,1,10,7
cassures,1,8,7
ricanait,2,8,7
celle-ci,1,8,7
pilés,1,6,7
Voilà,1,6,7
monotones,1,9,7
moi-même,1,9,7
aubépines,1,10,7
cria,10,4,7
apparut,2,7,7
placards,1,8,7
houle,1,5,7
buvait,2,6,7
cris,2,4,7
débarrassait,1,13,7
plaine,4,6,7
plains,1,6,7
s'accroître,1,12,7
blêmes,1,7,7
s'écoulèrent,3,14,7
senti,4,5,7
tourna,4,6,7
feuille,1,7,7
enragé,1,7,7
crèverait,1,10,7
doigt,1,5,7
16,1,2,7
Derrière,1,9,7
d'ouvrir,2,8,7
Aussi,5,5,7
semblait,18,8,7
écraser,1,8,7
cuir,2,4,7
sifflait,1,8,7
bosse,2,5,7
onze,1,4,7
durcissait,1,10,7
toilettes,1,9,7
De,7,2,7
Du,3,2,7
éducation,2,10,7
descendaient,2,12,7
canne,2,5,7
séjournait,1,11,7
balayant,1,8,7
s'attiédissait,1,15,7
paie,2,4,7
paix,7,4,7
billot,1,6,7
l'ordre,7,7,7
envahissait,2,11,7
Deneulin,5,8,7
fille,21,5,7
massacrer,1,9,7
massacres,1,9,7
oubliaient,1,10,7
exigences,1,9,7
rampait,1,7,7
d'élite,1,8,7
d'ingénieur,1,12,7
raser,1,5,7
assommés,1,9,7
balayé,1,7,7
lisses,1,6,7
pleuvait,1,8,7
durait,1,6,7
épuisaient,1,11,7
nouveau,19,7,7
verrous,1,7,7
sanglotant,1,10,7
continuellement,2,15,7
revenaient,4,10,7
commença,5,9,7
officieux,1,9,7
indisposée,1,11,7
arbre,1,5,7
allongés,1,9,7
remontât,1,9,7
célèbres,1,10,7
englouti,3,8,7
avisa,1,5,7
vicié,1,6,7
allongée,1,9,7
roula,1,5,7
étranges,1,9,7
tut,2,3,7
je,50,2,7
éboulée,1,9,7
tour,10,4,7
tous,47,4,7
tout,60,4,7
toux,2,4,7
écrasant,1,9,7
avalant,1,7,7
l'écouter,1,10,7
s'enfuirent,1,11,7
glissait,1,8,7
fléchi,1,7,7
mare,1,4,7
hêtres,1,7,7
J'étouffe,1,10,7
lorsque,21,7,7
mari,2,4,7
l'intérieur,2,12,7
dessin,1,6,7
barra,1,5,7
quitte,1,6,7
aimable,1,7,7
quitta,3,6,7
tâta,2,5,7
amenait,1,7,7
envahissement,1,13,7
Progrès,1,8,7
détruit,1,8,7
quatre,11,6,7
n'a,6,3,7
s'être,5,7,7
émiettaient,1,12,7
d'humidité,1,11,7
mère,16,5,7
n'y,21,3,7
doucement,5,9,7
ajouta,5,6,7
puante,1,6,7
répit,3,6,7
résignation,5,12,7
enflammés,1,10,7
par,116,3,7
pas,208,3,7
cabane,1,6,7
trépassé,1,10,7
cassèrent,1,10,7
patrons,2,7,7
éteints,1,8,7
débordant,1,10,7
assise,5,6,7
faible,2,6,7
lequel,3,6,7
ingénieurs,3,11,7
mioches,3,7,7
haine,3,5,7
pourrie,1,7,7
réparé,1,8,7
tapions,1,7,7
l'arrachait,1,11,7
blague,1,6,7
fallut,11,6,7
inévitable,1,11,7
inguérissable,1,14,7
jaillit,2,7,7
chercha,2,7,7
quelle,7,6,7
noblesse,1,8,7
gris,1,4,7
charpentes,8,10,7
mou,1,3,7
mot,3,3,7
moi,10,3,7
mon,18,3,7
vives,1,5,7
d'enfer,1,7,7
perdus,3,6,7
lâchée,1,8,7
maigrie,1,7,7
héroïsme,1,10,7
l'anéantissait,1,15,7
enfance,1,7,7
s'installèrent,1,15,7
perdue,3,6,7
compartiment,1,12,7
Deux,11,4,7
éloigné,1,9,7
entendaient,1,11,7
restes,4,6,7
sommes,4,6,7
livret,2,6,7
clignait,1,8,7
causait,4,7,7
fondue,2,6,7
effrayé,1,8,7
résolument,1,11,7
correspondre,1,12,7
bouché,2,7,7
l'attentat,1,10,7
soigneusement,1,13,7
Effrayé,1,8,7
entrée,1,7,7
seconde,3,7,7
contagion,1,9,7
M.Grégoire,1,11,7
violence,4,8,7
jupes,1,5,7
souple,1,6,7
bourdonnaient,2,13,7
couteau,2,7,7
engloutir,2,9,7
engloutis,1,9,7
cercle,2,6,7
nourricier,1,10,7
bourrade,1,8,7
approchée,2,10,7
engloutie,2,9,7
interrogeaient,1,14,7
fiévreusement,2,14,7
confusément,1,12,7
brute,2,5,7
douloureux,2,10,7
gravit,1,6,7
chats,1,5,7
carrée,2,7,7
L'inaction,1,10,7
brûlait,2,8,7
arrangea,1,8,7
l'air,24,5,7
pessimisme,1,10,7
poison,1,6,7
verrons,1,7,7
convergeaient,1,13,7
raideur,2,7,7
fils,3,4,7
gluantes,1,8,7
l'évêque,1,10,7
t'es,2,4,7
rapide,7,6,7
fila,1,4,7
pourquoi,3,8,7
déjà,34,6,7
file,5,4,7
haussait,1,8,7
épuisées,1,10,7
logeur,2,6,7
roulage,4,7,7
esprits,1,7,7
d'espionnage,1,12,7
prise,1,5,7
d'étrangler,1,12,7
serré,1,6,7
vertes,1,6,7
hennissant,1,10,7
connaissaient,1,13,7
l'inondation,4,12,7
mouvante,1,8,7
demanda-t-il,3,12,7
virilité,1,9,7
hennir,1,6,7
avalées,1,8,7
s'ouvraient,1,11,7
s'étendait,3,11,7
arc-bouté,1,10,7
d'oreilles,1,10,7
devint,3,6,7
disparaissait,1,13,7
victoire,3,8,7
revenir,3,7,7
d'enterrement,1,13,7
s'en,18,4,7
étreignait,1,11,7
s'étonna,1,9,7
l'effrayant,1,11,7
avant-postes,1,12,7
Bataille,6,8,7
l'obstacle,1,10,7
présence,4,9,7
étages,1,7,7
décrétaient,1,13,7
lapideraient,1,12,7
Voyons,2,6,7
hâte,3,5,7
éperdues,2,9,7
naturelle,1,9,7
s'exaspérait,1,13,7
poussière,2,10,7
d'être,12,7,7
embarquant,1,10,7
menant,1,6,7
rangea,1,6,7
Trois,4,5,7
ranger,1,6,7
nuque,1,5,7
Ceux-là,1,8,7
accourait,3,9,7
conta,1,5,7
succombé,1,9,7
jaunissait,1,10,7
invoquaient,1,11,7
balbutiaient,1,12,7
d'autres,11,8,7
feuilles,2,8,7
lourdement,1,10,7
souffrit,1,8,7
distinct,2,8,7
planche,1,7,7
d'habitude,1,10,7
fonctionneraient,1,16,7
détrempait,1,11,7
maîtres,1,8,7
officiellement,1,14,7
cria-t-il,1,9,7
lesquels,1,8,7
partageaient,1,12,7
ferons,2,6,7
destin,1,6,7
plaintes,2,8,7
garçons,1,8,7
ça,33,3,7
des,374,3,7
refuseront,1,10,7
méritaient,1,11,7
superstitions,1,13,7
abandon,2,7,7
gluante,1,7,7
feuilleter,1,10,7
morts,10,5,7
collision,1,9,7
accompagné,3,11,7
éteignît,1,10,7
glorieux,1,8,7
morte,10,5,7
pompe,5,5,7
Alzire,2,6,7
veuve,2,5,7
retenti,1,7,7
rapport,1,7,7
ensemble,13,8,7
venger,3,6,7
reprenait,2,9,7
d'installer,1,11,7
viens,1,5,7
petits,6,6,7
vient,2,5,7
chute,6,5,7
trois,33,5,7
marché,2,7,7
ramassées,1,10,7
énormes,2,8,7
mortel,1,6,7
oblique,1,7,7
emportés,1,9,7
officielle,2,10,7
méthodiquement,1,15,7
d'abord,6,7,7
vécussent,1,10,7
paratonnerre,1,12,7
surtout,5,7,7
enfiévra,1,9,7
intérieures,1,12,7
disparût,1,9,7
Après,5,6,7
décrocha,2,9,7
reculer,1,7,7
supérieur,5,10,7
chassait,3,8,7
penseur,1,7,7
compter,3,7,7
porte,13,5,7
exactement,1,10,7
réflexions,2,11,7
repousser,1,9,7
n'apercevait,1,12,7
exhalaient,1,10,7
renaîtrait,1,11,7
béant,2,6,7
Adieu,2,5,7
ignorée,1,8,7
d'atténuer,1,11,7
cabré,1,6,7
séparait,3,9,7
ignorés,1,8,7
dalles,3,6,7
fameuse,2,7,7
craignait,1,9,7
serrait,5,7,7
Balancé,1,8,7
déborda,1,8,7
Une,26,3,7
En,23,2,7
Eh,12,2,7
remettre,1,8,7
resté,2,6,7
Et,112,2,7
s'engraissant,1,13,7
égorge,1,7,7
Jusqu'au,1,8,7
achevèrent,1,11,7
écoutèrent,1,12,7
oubliait,2,8,7
soirs,1,5,7
donc,45,4,7
chrétiens,1,10,7
n'était,20,8,7
répondit-elle,1,14,7
affectait,2,9,7
lueur,5,5,7
acceptent,1,9,7
n'ai,3,4,7
muscles,2,7,7
travail,21,7,7
échauffant,1,11,7
inscrivait,1,10,7
fatiguée,1,9,7
paru,2,4,7
part,5,4,7
pars,6,4,7
atteindre,1,9,7
éteintes,1,9,7
supplice,1,8,7
supposer,1,8,7
passées,1,8,7
d'ouvriers,2,10,7
recevoir,1,8,7
crispées,1,9,7
s'essouffler,1,12,7
l'envelopper,1,12,7
s'abattre,1,9,7
gagne,1,5,7
étonnée,1,9,7
Lucie,4,5,7
dévastatrice,1,13,7
crânerie,1,9,7
blancs,1,6,7
province,1,8,7
centimètre,1,11,7
repoussez-les,2,13,7
Lentement,1,9,7
charbonniers,6,12,7
services,1,8,7
séculaire,2,10,7
crampes,2,7,7
charitable,2,10,7
retournant,1,10,7
n'est-ce,7,8,7
stationnaient,1,13,7
assourdissant,1,13,7
sélection,1,10,7
perches,1,7,7
fini,13,4,7
fâcher,1,7,7
acclamés,1,9,7
fine,2,4,7
desquelles,1,10,7
prendre,17,7,7
sapin,1,5,7
courage,7,7,7
l'orgueil,1,9,7
repliée,1,8,7
mêmes,3,6,7
privent,1,7,7
doubler,2,7,7
s'enflammait,1,12,7
s'arrêtait,3,11,7
diriger,1,7,7
souffles,1,8,7
dirigea,1,7,7
hâtât,1,7,7
vint,1,4,7
camarades,39,9,7
pourpre,2,7,7
repaire,1,7,7
Dans,12,4,7
mouillaient,1,11,7
s'écroula,1,10,7
Plusieurs,1,9,7
déchirures,1,11,7
retrouva,2,8,7
recouvrait,1,10,7
Restait,1,7,7
expliquait,1,10,7
broyée,3,7,7
point,15,5,7
simple,2,6,7
saccadés,1,9,7
instants,1,8,7
broyés,1,7,7
l'occident,1,10,7
outil,1,5,7
l'intelligence,1,14,7
sanglotèrent,1,13,7
gentil,2,6,7
gaz,1,3,7
s'embarrassa,1,12,7
épuiser,1,8,7
s'obstruait,1,11,7
d'eux,4,5,7
rupture,1,7,7
d'Etienne,6,9,7
s'allonger,1,10,7
puissant,1,8,7
rêvant,1,7,7
mercredi,1,8,7
éteignit,1,9,7
couraient,2,9,7
cavités,1,8,7
cents,4,5,7
greniers,1,8,7
d'air,2,5,7
inachevée,1,10,7
garrotté,1,9,7
éperdument,3,11,7
soeur,3,5,7
debout,10,6,7
puis,32,4,7
l'espace,2,8,7
s'était-elle,1,13,7
sombré,1,7,7
répète,1,8,7
expérience,1,11,7
tolérée,1,9,7
moment,14,6,7
Bouteloup,5,9,7
lorsqu'elle,4,11,7
toit,4,4,7
travers,8,7,7
vit-on,1,6,7
finesse,2,7,7
cherchant,1,9,7
d'épouvanter,1,13,7
y,61,1,7
s'éveilla,1,10,7
l'emporta,1,9,7
croisés,1,8,7
religieuse,1,10,7
exaspérés,1,11,7
baignèrent,1,11,7
atteindrait,1,11,7
filet,1,5,7
l'infini,1,8,7
immobilité,1,11,7
discipline,1,10,7
s'indignaient,1,13,7
écarter,1,8,7
enjambées,1,10,7
source,1,6,7
herbes,2,6,7
impassible,1,10,7
rangées,1,8,7
beauté,1,7,7
vallée,1,7,7
sciées,1,7,7
compte,6,6,7
témérité,2,11,7
compta,1,6,7
Dis,3,3,7
l'ogre,1,6,7
nécessaire,2,11,7
Autant,2,6,7
côtés,1,7,7
flux,2,4,7
anxieusement,1,12,7
augmentaient,1,12,7
félicita,1,9,7
économiser,1,11,7
d'allumettes,1,12,7
oscillations,1,12,7
débarrasser,1,12,7
débordait,1,10,7
empoisonnée,1,12,7
devait,14,6,7
peu,25,3,7
depuis,15,6,7
criant,2,6,7
l'ombre,8,7,7
affecta,3,7,7
l'ouvrier,1,9,7
Bon,4,3,7
couché,3,7,7
juste,4,5,7
changées,1,9,7
boulet,1,6,7
apporterait,2,11,7
rabattu,1,7,7
fuir,3,4,7
atroce,1,6,7
lèvres,5,7,7
déblaiement,2,12,7
l'aurait,2,8,7
vaudrait,1,8,7
manqua,1,6,7
allé,3,5,7
manque,1,6,7
profonde,6,8,7
moulin,1,6,7
profonds,1,8,7
sursaut,1,7,7
grève,10,6,7
conduite,2,8,7
conseil,1,7,7
bousculades,1,11,7
chenapans,1,9,7
méfiants,1,9,7
récits,1,7,7
conduisait,1,10,7
couchant,1,8,7
travailler,2,10,7
bouscula,1,8,7
frémissait,1,11,7
affaires,2,8,7
écartaient,3,11,7
poussaient,2,10,7
Presque,2,7,7
Fous-moi,1,8,7
cuillerées,1,11,7
férocité,1,10,7
s'écria,3,8,7
demeuraient,2,11,7
Prise,1,5,7
l'avoir,5,7,7
secousse,5,8,7
lutter,2,6,7
crève,2,6,7
elles,5,5,7
d'espoir,1,8,7
Personne,4,8,7
remuer,3,6,7
l'intéressait,1,14,7
enjambée,1,9,7
l'étouffer,1,11,7
troué,1,6,7
naturellement,1,13,7
papa,1,4,7
poussé,1,7,7
lent,2,4,7
s'acharnait,4,11,7
berge,4,5,7
pussent,2,7,7
lâchant,1,8,7
amuser,1,6,7
praticables,1,11,7
passé,5,6,7
justement,2,9,7
pendantes,1,9,7
tombe,1,5,7
défaillait,3,11,7
tomba,7,5,7
êtes-vous,1,10,7
germait,1,7,7
oublierait,1,10,7
l'instant,1,9,7
fatal,1,5,7
déclarait,1,10,7
moue,1,4,7
dessert,1,7,7
scandale,1,8,7
contenterait,1,12,7
yeux,41,4,7
rideaux,1,7,7
rappelles,1,9,7
déroulait,2,10,7
s'est,1,5,7
précipitèrent,1,15,7
murmura-t-elle,3,14,7
partageant,1,10,7
recula,1,6,7
refusant,1,8,7
forcé,1,6,7
fonction,1,8,7
décuplée,1,10,7
d'escaillage,1,12,7
étonné,1,8,7
Evidemment,2,10,7
fendre,1,6,7
achèverait,2,11,7
planches,3,8,7
plancher,1,8,7
crudité,1,8,7
renvoyer,1,8,7
tenue,1,5,7
montèrent,1,10,7
Enfin,12,5,7
talon,1,5,7
récoltes,1,9,7
ébranla,1,8,7
Quelle,4,6,7
révolté,1,9,7
inoubliable,1,11,7
acharné,1,8,7
replongeant,1,11,7
paroles,8,7,7
Aucun,3,5,7
train,5,5,7
risque,3,6,7
dépêches,1,10,7
remonté,5,8,7
souffre,1,7,7
l'ouverture,1,11,7
fumier,1,6,7
réalité,2,9,7
s'éteindre,1,11,7
ascension,1,9,7
nettoyeur,1,9,7
hangar,2,6,7
raisonneur,1,10,7
l'horreur,7,9,7
frémissante,2,12,7
posait,3,6,7
député,1,8,7
Mouquette,1,9,7
revu,1,4,7
bousculaient,2,12,7
crevées,1,8,7
l'une,1,5,7
affamé,1,7,7
nettoyons-le,1,12,7
philosophe,1,10,7
terrier,1,7,7
m'embarrasseriez,1,16,7
irons-nous,1,10,7
descendantes,1,12,7
qu'elle-même,1,13,7
chien,6,5,7
souffres,1,8,7
le,641,2,7
la,930,2,7
eue,1,3,7
continuels,2,10,7
lu,1,2,7
vivant,3,6,7
eux,16,3,7
Rasseneur,9,9,7
rappela,3,7,7
serra,2,5,7
sévères,1,9,7
endormie,2,8,7
pénétré,1,10,7
Mouillés,1,9,7
barreau,1,7,7
toussa,1,6,7
tuer,2,4,7
l'imprudence,1,12,7
Toujours,2,8,7
resterions,1,10,7
saisi,2,5,7
là-dedans,1,10,7
causette,1,8,7
expliquer,2,9,7
ongles,3,6,7
reviendra,1,9,7
trouvait,14,8,7
Hein,8,4,7
lecture,1,7,7
cimetière,1,10,7
que,219,3,7
endroits,1,8,7
midi,2,4,7
ajouter,1,7,7
mourir,15,6,7
amaigris,1,8,7
fatigue,5,7,7
arbres,2,6,7
promettaient,1,12,7
suffit,1,6,7
dépendant,1,10,7
cafards,1,7,7
isolement,1,9,7
nuées,2,6,7
anciens,3,7,7
heure,11,5,7
lamentable,3,10,7
roche,3,5,7
s'arrêter,2,10,7
diraient,1,8,7
pelle,1,5,7
régulière,1,11,7
ruissellement,2,13,7
désastre,5,9,7
brusque,6,7,7
Gêné,1,6,7
visiter,2,7,7
trente,5,6,7
discutée,1,9,7
Par,7,3,7
Pas,8,3,7
tuait,2,5,7
taisait,1,7,7
l'angoisse,1,10,7
Là,1,3,7
pièce,9,6,7
terrine,1,7,7
tromper,1,7,7
paquet,3,6,7
fonçant,1,8,7
recommencèrent,2,15,7
dangereuse,1,10,7
supplication,1,12,7
établi,1,7,7
chaise,4,6,7
mis,5,3,7
mit,8,3,7
agonisaient,2,11,7
réfugièrent,1,13,7
satisfaits,1,10,7
l'averse,1,8,7
rôdé,1,6,7
trombe,3,6,7
là-haut,3,8,7
cassait,1,7,7
d'envoyer,1,9,7
renflant,1,8,7
D'une,1,5,7
occasion,1,8,7
aumône,1,7,7
d'accord,2,8,7
fontaines,1,9,7
l'empoisonnement,1,16,7
remue,1,5,7
irritée,1,8,7
condamnait,1,10,7
refoulé,2,8,7
priant,2,6,7
Moi,3,3,7
Mon,4,3,7
creusé,1,7,7
cloche,1,6,7
refusaient,1,10,7
désirait,2,9,7
lancé,2,6,7
beau,7,4,7
qu'elles,2,8,7
cicatrices,1,10,7
s'interrompant,1,14,7
arrivaient,4,10,7
présente,1,9,7
fixer,1,5,7
croyaient,1,9,7
cacher,2,6,7
pouvait,22,7,7
grosse,5,6,7
existe,1,6,7
râle,2,5,7
rejoindre,4,9,7
tranchât,1,9,7
prétexta,1,9,7
prétexte,2,9,7
Arrivez,1,7,7
devenaient,2,10,7
exploiter,1,9,7
raisons,2,7,7
sinistre,1,8,7
ajoutèrent,1,11,7
résigner,1,9,7
d'intéresser,1,13,7
nourrira,1,8,7
attendaient,1,11,7
instant,17,7,7
amitié,3,7,7
l'interrompit,1,13,7
Où,3,3,7
songé,3,6,7
décidèrent,1,12,7
grondements,1,11,7
malades,3,7,7
comment,4,7,7
vent,3,4,7
effroyable,3,10,7
soulever,1,8,7
décroître,1,11,7
mâchait,2,8,7
lâcheté,2,9,7
l'assassinait,1,13,7
L'opinion,1,9,7
ah,5,2,7
annonce,1,7,7
profondes,2,9,7
angles,1,6,7
ancienne,3,8,7
épuisé,1,8,7
plaie,2,5,7
successifs,1,10,7
mèche,3,6,7
distribué,1,10,7
lassitude,1,9,7
s'égaraient,1,12,7
t'en,2,4,7
tendit,2,6,7
fouettait,1,9,7
donnait,8,7,7
clairement,1,10,7
pleut,1,5,7
dîner,3,6,7
défaillante,1,12,7
Pendant,7,7,7
croissante,1,10,7
couvraient,1,10,7
injures,1,7,7
N'est-ce,1,8,7
bétail,1,7,7
mentaient,1,9,7
surveillant,1,11,7
retard,2,6,7
chargeait,1,9,7
effrayant,3,9,7
pendue,5,6,7
Faut,2,4,7
appels,3,6,7
position,1,8,7
centaine,3,8,7
victorieux,1,10,7
dirigeaient,1,11,7
tombait,6,7,7
tiré,2,5,7
l'empreinte,1,11,7
ramené,1,7,7
fusil,2,5,7
personnes,1,9,7
inutiles,1,8,7
étaler,1,7,7
Beaucoup,3,8,7
ensuite,8,7,7
l'empoigna,2,10,7
s'égratignaient,1,16,7
ployée,1,7,7
embarqua,1,8,7
claquait,1,8,7
désirée,1,9,7
ployés,1,7,7
gérant,1,7,7
haie,1,4,7
tremper,1,7,7
d'évasions,1,11,7
est,26,3,7
s'imagina,1,9,7
terri,3,5,7
quinze,3,6,7
gardera,1,7,7
souffert,1,8,7
impeccables,1,11,7
complices,1,9,7
s'éleva,1,8,7
tâtait,1,7,7
usines,1,6,7
augmentait,4,10,7
punition,1,8,7
interminables,1,13,7
ouvrir,6,6,7
d'armée,1,8,7
suçant,1,7,7
roulaient,6,9,7
serrée,1,7,7
souviens,1,8,7
toutes,18,6,7
raisonnements,1,13,7
Lydie,1,5,7
l'approuvaient,1,14,7
serrés,2,7,7
aggravait,1,9,7
prêtait,1,8,7
appétit,1,8,7
s'ils,5,5,7
coke,1,4,7
Des,21,3,7
maladroits,1,10,7
vieille,8,7,7
but,1,3,7
florissante,1,11,7
prédiction,1,11,7
effrayante,1,10,7
bue,2,3,7
êtes,4,5,7
emportaient,1,11,7
d'impatience,1,12,7
établir,1,8,7
minutes,12,7,7
menaçante,1,10,7
offrait,1,7,7
dure,1,4,7
trempèrent,1,11,7
menaçants,1,10,7
pis,3,3,7
aujourd'hui,2,11,7
monter,6,6,7
pitié,4,6,7
renseigner,1,10,7
maudites,1,8,7
révolution,3,11,7
triomphe,2,8,7
insupportable,3,13,7
saisie,1,6,7
préféré,1,10,7
dressaient,1,10,7
gardant,2,7,7
saisir,3,6,7
rentrerait,1,10,7
plutôt,1,7,7
désignait,1,10,7
barraient,1,9,7
gémissement,1,12,7
parole,7,6,7
lointain,1,8,7
répondit,6,9,7
veut,2,4,7
descendait,7,10,7
l'avancement,1,12,7
veux,8,4,7
aigrette,1,8,7
crises,3,6,7
lourd,3,5,7
foudroyant,1,10,7
Henri,5,5,7
charmantes,1,10,7
échappement,1,12,7
équipe-là,1,11,7
tranquillement,3,14,7
trompés,1,8,7
charbons,1,8,7
ovation,1,7,7
venue,4,5,7
s'acharna,1,9,7
l'éternelle,2,12,7
venus,1,5,7
Vois-tu,2,7,7
peut-être,17,10,7
continuait,4,10,7
l'idéal,1,8,7
déjeuner,2,9,7
l'abandon,1,9,7
sécher,1,7,7
avoisinent,1,10,7
risquer,4,7,7
remplacés,1,10,7
Mme,8,3,7
tâchaient,1,10,7
lorsqu'elles,1,12,7
chantiers,2,9,7
nuit,26,4,7
molle,1,5,7
boisages,3,8,7
n'était-ce,1,11,7
examiné,1,8,7
changer,4,7,7
d'inondation,1,12,7
livrets,1,7,7
d'elle,5,6,7
traitait,2,8,7
qu'à,5,5,7
cinquante-cinq,1,14,7
considérable,2,13,7
assez,11,5,7
immobilisée,1,12,7
livide,3,6,7
mois,3,4,7
musc,1,4,7
nord,3,4,7
verdâtre,2,9,7
colère,9,7,7
l'entendirent,1,13,7
l'extrême,1,10,7
faussaient,1,10,7
me,21,2,7
ma,3,2,7
peuplaient,1,10,7
joie,9,4,7
s'écoula,1,9,7
L'Empire,1,8,7
s'épanchaient,1,14,7
baquet,1,6,7
sortait,4,7,7
l'oreille,3,9,7
auraient,5,8,7
décret,1,7,7
Continuellement,1,15,7
sentier,1,7,7
trempés,2,8,7
coulait,4,7,7
mouillés,1,9,7
trempée,2,8,7
faibles,2,7,7
s'allongeaient,1,14,7
bouchers,1,8,7
tôt,5,4,7
contenue,1,8,7
souffraient,1,11,7
allée,4,6,7
laquelle,1,8,7
riant,2,5,7
s'épandait,1,11,7
dizaine,1,7,7
terreur,3,7,7
croissant,1,9,7
bouillie,1,8,7
environ,1,7,7
promiscuité,1,12,7
amis,2,4,7
s'empoignait,1,12,7
huait,1,5,7
nouvelle,6,8,7
l'idole,1,7,7
misérable,2,10,7
lignée,1,7,7
journée,7,8,7
vite,4,4,7
envolés,1,8,7
réalisé,1,9,7
nocturne,1,8,7
l'éveil,1,8,7
retenait,2,8,7
mettre,6,6,7
d'aller,8,7,7
n'enfonçait,1,12,7
épaule,1,7,7
lente,3,5,7
réveillaient,1,13,7
remontait,1,9,7
tremblement,3,11,7
d'étincelles,1,13,7
jadis,1,5,7
Dès,11,4,7
cloisons,1,8,7
machineurs,1,10,7
fonte,3,5,7
reviendrait,1,11,7
autre,17,5,7
t'ai-je,1,7,7
toi-même,1,9,7
t'aurais,1,8,7
creux,3,5,7
Cette,10,5,7
retentissaient,1,14,7
l'enfant,1,8,7
jeune,12,5,7
croupe,1,6,7
disant,3,6,7
rang,1,4,7
dégagé,1,8,7
émietté,1,9,7
renaître,1,9,7
grondant,1,8,7
vingt-cinq,1,10,7
à,439,2,7
d'incendiaires,1,14,7
dévalait,1,9,7
toi,13,3,7
ton,4,3,7
redescendre,4,11,7
s'approchât,1,12,7
charmante,1,9,7
besogne,15,7,7
crié,1,5,7
referma,1,7,7
grand-père,5,11,7
poids,1,5,7
hésitait,3,9,7
accablement,1,11,7
renversait,1,10,7
sourit,1,6,7
douves,1,6,7
troisième,7,10,7
tremblait,3,9,7
chevaux,4,7,7
industrielle,1,12,7
relayer,1,7,7
éclaboussement,1,15,7
pourrissaient,1,13,7
l'espérait,1,11,7
coin,3,4,7
présentait,1,11,7
l'espèce,2,9,7
flot,20,4,7
goguenard,2,9,7
filant,3,6,7
caboche,1,7,7
soupe,3,5,7
croyait,9,7,7
musicale,1,8,7
peine,17,5,7
coeur,18,5,7
enceinte,1,8,7
jugeait,1,7,7
bain,1,4,7
espérances,1,11,7
l'unique,4,8,7
situations,1,10,7
absolue,3,7,7
cependant,3,9,7
s'avança,1,9,7
failli,2,6,7
relayèrent,1,11,7
séparer,2,8,7
Pourtant,10,8,7
ruine,2,5,7
public,1,6,7
viennent,1,8,7
lamentaient,1,11,7
empoigner,1,9,7
Peu,3,3,7
Pends-toi,1,9,7
nus,3,3,7
soleils,1,7,7
accrochées,1,11,7
nue,1,3,7
dit-il,3,6,7
consoliderait,1,13,7
s'engouffra,1,11,7
mur,8,3,7
rendu,2,5,7
suffisait,2,9,7
s'organisaient,1,14,7
sonnaient,3,9,7
espérance,1,10,7
compléta,1,9,7
engraisse,1,9,7
encore,73,6,7
cratère,3,8,7
peiné,1,6,7
prisonnier,1,10,7
obtinrent,1,9,7
a-t-on,1,6,7
Philomène,4,10,7
sauve-qui-peut,1,14,7
iraient,2,7,7
déshabillait,1,13,7
dispersait,1,10,7
naîtra,1,7,7
auras,1,5,7
auxquels,2,8,7
mentir,1,6,7
mentit,1,6,7
sauvetage,4,9,7
couper,1,6,7
lâchèrent,1,11,7
d'améliorer,1,12,7
ceinture,3,8,7
complet,2,7,7
excellentes,1,11,7
s'entêter,1,10,7
stupéfaits,1,11,7
endormies,1,9,7
Embarquez,1,9,7
Bonnemort,12,9,7
ébranlé,2,9,7
décolorés,1,11,7
coupée,1,7,7
coupés,2,7,7
Partons,1,7,7
milliers,1,8,7
manquants,1,9,7
manquer,1,7,7
enfin,16,5,7
défilèrent,1,12,7
camarade,6,8,7
continuelles,1,12,7
d'affirmer,1,10,7
d'épuisement,1,13,7
singe,1,5,7
déclara,1,8,7
ruisseaux,1,9,7
bande,6,5,7
rouler,1,6,7
c'était,31,8,7
popularité,4,11,7
dilaté,1,7,7
grêles,1,7,7
péniblement,2,12,7
adieu,5,5,7
ici,2,3,7
l'énorme,2,9,7
exécrable,2,10,7
résistance,3,11,7
cirer,1,5,7
façon,2,6,7
gouvernement,1,12,7
insondable,1,10,7
renseignements,1,14,7
s'engloutît,1,12,7
brièvement,1,11,7
lampe,29,5,7
prunelliers,1,11,7
raisonnable,2,11,7
harmornica,1,10,7
apercevait,2,10,7
plus,129,4,7
t'inquiète,1,11,7
As-tu,4,5,7
efforts,2,7,7
sept,5,4,7
voulu,10,5,7
porion,15,6,7
congédièrent,1,14,7
fers,2,4,7
tribune,2,7,7
jeunes,1,6,7
lambeaux,2,8,7
trouèrent,1,10,7
Maintenant,8,10,7
archives,1,8,7
répandue,3,9,7
vécu,2,5,7
répandus,1,9,7
manoeuvres,1,10,7
défendait,1,10,7
défendais,1,10,7
descendues,1,10,7
réfléchit,1,11,7
comptés,1,8,7
ruines,1,6,7
redescendus,1,11,7
voisin,1,6,7
méprisaient,1,12,7
retremper,1,9,7
soixante-quatorze,1,17,7
tiennent,1,8,7
redescendue,1,11,7
ni,19,2,7
replaçant,1,10,7
précède,1,9,7
ne,244,2,7
profondeur,3,10,7
reconnaissaient,1,15,7
partait,4,7,7
tic,1,3,7
marée,2,6,7
l'amincissait,1,13,7
procès,1,7,7
l'appela,1,8,7
prolongé,3,9,7
doute,17,5,7
moustaches,4,10,7
égayer,1,7,7
fissuré,1,8,7
entièrement,1,12,7
elle-même,5,10,7
retour,2,6,7
défonçaient,1,13,7
Etourdi,1,7,7
menaient,1,8,7
passage,4,7,7
jurons,2,6,7
charge,1,6,7
Les,36,3,7
reconnaissait,2,13,7
brandir,2,7,7
l'abri,1,6,7
couler,4,6,7
hurlante,1,8,7
ébranlait,1,10,7
sourd,5,5,7
rejoindrait,1,11,7
comblaient,2,10,7
poignets,1,8,7
Légion,2,7,7
pompes,4,6,7
hausse,3,6,7
haussa,1,6,7
dommage,1,7,7
coucher,2,7,7
outrageux,1,9,7
avançait,2,9,7
fendues,2,7,7
lever,2,5,7
poste,1,5,7
Deux-Cent-Quarante,3,18,7
douzième,2,9,7
obstiné,1,8,7
artère,2,7,7
éclater,2,8,7
décidé,2,8,7
tuerait,1,7,7
retardait,1,9,7
intelligents,2,12,7
galants,1,7,7
n'avoisinaient,1,14,7
étaient,31,8,7
déchiré,1,9,7
hocha,2,5,7
seule,10,5,7
Parlement,1,9,7
Que,3,3,7
l'excès,1,8,7
résigna,1,8,7
Qui,3,3,7
seuls,4,5,7
groupe,2,6,7
comblait,1,8,7
flancs,1,6,7
réponse,5,8,7
relayait,1,8,7
ombres,2,6,7
descendez,1,9,7
éteint,1,7,7
appartenait,1,11,7
entier,4,6,7
haveur,2,6,7
semant,1,6,7
frappaient,1,10,7
parmi,6,5,7
satisfaire,1,10,7
gâtait,1,7,7
déjeuné,1,9,7
collait,3,7,7
parvenait,1,9,7
mélancolique,1,13,7
s'ouvrit,1,8,7
d'approche,3,10,7
bouches,2,7,7
éveillée,2,10,7
Doucement,2,9,7
travailleurs,4,12,7
l'envie,4,7,7
l'énervement,1,13,7
battu,3,5,7
grattaient,1,10,7
tâtonnements,1,13,7
figure,1,6,7
démence,2,8,7
j'aurais,1,8,7
soleil,14,6,7
imbécile,4,9,7
accrochée,1,10,7
s'arranger,1,10,7
plonger,1,7,7
allaient,5,8,7
glisser,1,7,7
cesse,6,5,7
cessa,2,5,7
Avant,2,5,7
franchement,1,11,7
j'ai,8,4,7
fonçage,2,8,7
leva,3,4,7
ensevelis,1,9,7
d'ouvrier,1,9,7
lamenter,1,8,7
séparation,1,11,7
demandaient,3,11,7
Va-t'en,1,7,7
filtrations,1,11,7
malaise,4,7,7
banquette,1,9,7
fourneaux,1,9,7
canard,1,6,7
s'imaginait,1,11,7
d'argent,1,8,7
contenaient,1,11,7
sorties,1,7,7
offert,1,6,7
au-dessus,4,9,7
détaché,1,9,7
ramassa,2,7,7
lois,1,4,7
wagon,1,5,7
d'épaules,3,10,7
dirigés,1,8,7
avons,4,5,7
vitesse,1,7,7
recommandant,1,12,7
veilleuse,1,9,7
rumeur,4,6,7
plans,1,5,7
rassurait-elle,1,14,7
étoiles,2,8,7
petite,7,6,7
embrouillé,2,11,7
sanglots,4,8,7
blessé,1,7,7
impérial,1,9,7
tombé,3,6,7
revit-il,1,8,7
Pluchart,4,8,7
rayons,1,6,7
souffrait,3,9,7
place,11,5,7
n'avait,20,7,7
revenue,2,7,7
divisionnaire,2,13,7
n'entendais,1,11,7
n'entendait,1,11,7
revenus,1,7,7
l'aérage,2,9,7
N'était-ce,2,11,7
voulant,1,7,7
millions,2,8,7
droite,10,6,7
qu'exhalait,1,11,7
rentes,1,6,7
grandissait,1,11,7
valait,2,6,7
heurté,1,7,7
écoute,2,7,7
acheva,2,6,7
terrain,2,7,7
l'obsession,1,11,7
éboulé,1,8,7
mortes,1,6,7
arrachés,2,9,7
aiderait,1,8,7
sert,1,4,7
l'épouvante,1,12,7
s'attardait,1,11,7
choux,1,5,7
sera,5,4,7
coquins,2,7,7
rend,1,4,7
répéta,4,8,7
mangeant,3,8,7
n'aboyait,1,9,7
montait,16,7,7
ans,4,3,7
tailles,5,7,7
dissipa,1,7,7
retrouvait,4,10,7
craquement,6,10,7
fallu,4,5,7
baissait,3,8,7
dès,6,4,7
suivons,1,7,7
crinière,1,9,7
tendaient,1,9,7
franchi,1,7,7
signe,1,5,7
discuta,1,7,7
museau,1,6,7
espoir,5,6,7
trop,15,4,7
lanternes,3,9,7
trou,16,4,7
Qu'est-ce,2,9,7
méfiance,1,9,7
crime,3,5,7
tremblaient,2,11,7
achevait,2,8,7
verdâtres,1,10,7
battant,1,7,7
Longtemps,1,9,7
monstrueuse,2,11,7
sanglantes,1,10,7
puisait,1,7,7
l'exaspérait,1,13,7
prenant,1,7,7
dégager,1,8,7
quittait,1,8,7
amicales,1,8,7
bousculée,2,10,7
montés,1,7,7
l'étouffait,1,12,7
même,48,5,7
baisser,1,7,7
Lénore,4,7,7
soulagement,1,11,7
occasionnée,1,12,7
invincible,3,10,7
bouchée,1,8,7
montée,6,7,7
nette,1,5,7
exprimait,1,9,7
Quelque,2,7,7
blessure,5,8,7
continuaient,6,12,7
ruisselèrent,1,13,7
effaré,3,7,7
s'étant,1,8,7
saignée,1,8,7
préparatifs,1,12,7
mettait,5,7,7
jeter,2,5,7
casses,1,6,7
casser,3,6,7
chaque,20,6,7
têtes,5,6,7
tourelle,1,8,7
tournant,2,8,7
s'embrassaient,1,14,7
froides,2,7,7
lisaient,1,8,7
découvrait,2,11,7
s'égayait,1,10,7
Hennebeau,23,9,7
alla,2,4,7
remontaient,3,11,7
exemple,2,7,7
Pas-de-Calais,1,13,7
lorsqu'une,2,10,7
crièrent,1,9,7
devrait,1,7,7
d'épaule,1,9,7
devrais,1,7,7
mesurer,1,7,7
mesures,1,7,7
poli,1,4,7
coupa,1,5,7
corde,4,5,7
pesant,1,6,7
coups,35,5,7
direction,1,9,7
pilon,1,5,7
bougeait,5,8,7
distinguer,2,10,7
renseignait,1,11,7
saison,2,6,7
geste,16,5,7
l'haleine,1,9,7
éclairant,1,10,7
évanouis,1,9,7
cataclysmes,1,11,7
parfois,2,7,7
hurlement,5,9,7
intacte,1,7,7
viande,1,6,7
rougeur,1,7,7
réussi,1,7,7
connaissait,2,11,7
paternels,1,9,7
s'écorchait,1,12,7
s'avançaient,1,13,7
anciennes,2,9,7
interdite,1,9,7
d'organiser,1,11,7
paternel,1,8,7
évadés,1,8,7
atroces,2,7,7
s'interrompit,1,13,7
devoir,1,6,7
rôtis,1,6,7
comprendrait,1,12,7
Sous,4,4,7
lamentation,2,11,7
nombreuses,1,10,7
rythmé,1,7,7
gamin,2,5,7
lendemains,2,10,7
fourbue,1,7,7
Il,135,2,7
serraient,1,9,7
flottait,1,8,7
volait,2,6,7
violent,2,7,7
accroupie,1,9,7
sombres,1,7,7
guides,3,6,7
répugnance,4,11,7
rose,2,4,7
d'extraction,2,12,7
bloc,6,4,7
hurlant,1,7,7
combien,1,7,7
curieux,2,7,7
s'éteignirent,1,14,7
nappe,1,5,7
n'était-il,1,11,7
accepter,5,8,7
pesée,1,6,7
laine,1,5,7
d'étoupe,1,9,7
Bravo,1,5,7
couverture,2,10,7
vanta,1,5,7
scié,1,5,7
furtivement,1,11,7
finissait,2,9,7
s'acharnaient,1,13,7
fonctionnait,1,12,7
s'ouvrait,1,9,7
Elles,3,5,7
mètres,30,7,7
table,2,5,7
garer,1,5,7
effarement,1,10,7
sourdement,2,10,7
peuple,12,6,7
porter,2,6,7
portes,3,6,7
mêler,1,6,7
calmer,2,6,7
finirons,2,8,7
on,116,2,7
oh,3,2,7
Quelques,2,8,7
clameur,4,7,7
personnelles,1,12,7
pourries,2,8,7
constata,2,8,7
tempêtes,3,9,7
communication,1,13,7
n'eût,1,6,7
s'expliquaient,1,14,7
troublé,1,8,7
ruer,1,4,7
rues,3,4,7
Levaque,12,7,7
traversé,1,9,7
broyé,1,6,7
immense,5,7,7
celui,6,5,7
envoyer,1,7,7
battit,2,6,7
lésion,1,7,7
blêmissaient,1,13,7
l'égorgement,2,13,7
Avons-nous,1,10,7
considérables,2,14,7
regard,5,6,7
détendit,1,9,7
veux-tu,4,7,7
bouillon,2,8,7
espacés,2,8,7
d'eux-mêmes,1,12,7
commençait,4,11,7
Régie,3,6,7
tapé,1,5,7
toute-puissance,1,15,7
marcherait,1,10,7
amours,1,6,7
guidonnages,1,11,7
reprochait,1,10,7
idiot,1,5,7
roses,1,5,7
n'existe,1,8,7
oublier,1,7,7
discours,4,8,7
suspendue,1,9,7
lassait,1,7,7
rendez-vous,1,11,7
retomba,3,7,7
protéger,1,9,7
crotte,1,6,7
navré,1,6,7
feignante,1,9,7
s'élever,1,9,7
lacs,2,4,7
peser,1,5,7
catastrophe,9,11,7
endroit,1,7,7
pâlit,3,6,7
effets,1,6,7
pleurant,1,8,7
dégrafait,1,10,7
sons,1,4,7
sont,7,4,7
générateurs,1,13,7
étroites,1,9,7
quatorze,2,8,7
légèreté,1,11,7
coulé,1,6,7
prolonger,1,9,7
l'étrangle,1,11,7
programme,1,9,7
Durant,1,6,7
l'effondrement,2,14,7
guérison,1,9,7
Qu'il,1,5,7
reins,4,5,7
faites,3,6,7
désormais,6,10,7
obligé,1,7,7
hasard,5,6,7
tes,1,3,7
gonfla,1,6,7
pieux,1,5,7
cuffat,3,6,7
événements,3,12,7
voûte,2,6,7
version,1,7,7
sur,106,3,7
réveillait,1,11,7
désert,2,7,7
précautions,2,12,7
faites-les,1,10,7
serrées,3,8,7
veille,6,6,7
février,2,8,7
poche,1,5,7
ramenait,1,8,7
faiblir,1,7,7
vivement,1,8,7
solitude,1,8,7
montrerait,1,10,7
armoire,1,7,7
Toi,2,3,7
l'étroit,2,9,7
universelle,1,11,7
haussements,2,11,7
misérables,11,11,7
odeur,1,5,7
affamés,1,8,7
hisser,1,6,7
glas,1,4,7
l'éboulement,2,13,7
dépassait,1,10,7
inquiètes,1,10,7
immenses,1,8,7
vraie,2,5,7
caveau,2,6,7
sagement,2,8,7
vagues,3,6,7
enfant,4,6,7
joints,5,6,7
allumèrent,1,11,7
Nord,1,4,7
réel,1,5,7
Peut-être,2,10,7
court,2,5,7
fondu,2,5,7
Viens,3,5,7
paire,3,5,7
deuil,2,5,7
reconstruit,1,11,7
grès,1,5,7
grands,16,6,7
pavée,1,6,7
sillons,1,7,7
aussitôt,1,9,7
grande,9,6,7
profiter,1,8,7
grandi,1,6,7
soldats,6,7,7
regardait,20,9,7
était-ce,2,9,7
plaignait,1,9,7
vaisselle,1,9,7
dont,52,4,7
d'agir,1,6,7
agonisait,1,9,7
mettrait,1,8,7
s'imaginaient,1,13,7
maisons,1,7,7
bout,18,4,7
blanchâtre,1,11,7
reculait,2,8,7
impraticables,1,13,7
monté,2,6,7
recommençaient,1,15,7
girouette,1,9,7
inquiétez,1,10,7
laissant,1,8,7
exploitation,1,12,7
comprit,3,7,7
tordues,1,7,7
compris,3,7,7
sentant,1,7,7
l'attendrissait,1,15,7
quinzaine,1,9,7
sournoisement,1,13,7
meurtre,2,7,7
Désir,1,6,7
meurtri,1,7,7
débâcle,4,9,7
souvenant,1,9,7
revînt,1,7,7
calèche,1,8,7
attendant,4,9,7
durée,2,6,7
l'approche,1,10,7
survivait,1,9,7
bourgeoisie,5,11,7
jeu,2,3,7
tournés,1,8,7
projets,1,7,7
d'aise,1,6,7
façade,2,7,7
immobiles,1,9,7
Lorsque,6,7,7
questionner,1,11,7
gênait,2,7,7
Attends,3,7,7
blanc,1,5,7
passer,8,6,7
passes,1,6,7
caressait,1,9,7
rails,2,5,7
secourir,1,8,7
hâtait,2,7,7
s'aimer,1,7,7
auparavant,1,10,7
bouche,14,6,7
boucha,2,6,7
surveiller,1,10,7
résumés,1,9,7
administratives,1,15,7
dans,244,4,7
l'abattage,2,10,7
l'aperçurent,2,13,7
d'écluse,1,9,7
découvrit,1,10,7
respirer,7,8,7
Pierron,14,7,7
défoncée,1,10,7
gala,1,4,7
s'écroulerait,1,14,7
bousculade,1,10,7
maison,10,6,7
oubli,1,5,7
durent,4,6,7
tué,7,4,7
attendit,2,8,7
m'élancer,1,10,7
cigarette,1,9,7
Grégoire,15,9,7
amas,1,4,7
signalent,1,9,7
louche,2,6,7
bandes,1,6,7
inintelligents,1,14,7
noyèrent,1,9,7
présent,10,8,7
fond,41,4,7
ventilateur,2,11,7
font,1,4,7
clignotants,1,11,7
roulement,3,9,7
hésitât,1,9,7
Ensuite,3,7,7
rougissant,1,10,7
réconcilier,1,12,7
Je,13,2,7
mât,1,4,7
dévouement,1,11,7
forcée,1,7,7
voisines,2,8,7
guère,4,6,7
d'amertume,1,10,7
affectés,1,9,7
mieux,13,5,7
lorsqu'ils,3,10,7
crier,5,5,7
batailles,1,9,7
grinçait,1,9,7
lisait,1,6,7
batteries,1,9,7
tourner,4,7,7
jusqu'où,1,9,7
accueillit,1,10,7
crayonner,1,9,7
insensible,1,10,7
souriaient,1,10,7
sacré,1,6,7
cocher,3,6,7
septième,2,9,7
matin,19,5,7
chargeurs,2,9,7
tombée,3,7,7
joignait,1,8,7
m'arrangerai,1,12,7
s'avançait,2,11,7
retournaient,3,12,7
vont,1,4,7
tombés,2,7,7
femmes,11,6,7
étouffa,1,8,7
attention,1,9,7
déserts,1,8,7
rares,2,5,7
l'humidité,1,11,7
vengeresse,1,10,7
convinrent,1,10,7
empêché,2,9,7
cossue,1,6,7
fumeuse,1,7,7
bandit,2,6,7
chaude,2,6,7
proie,2,5,7
mûri,1,5,7
ronflant,1,8,7
Brusquement,4,11,7
s'abandonnait,1,13,7
partage,1,7,7
produisaient,2,12,7
flûte,1,6,7
ravi,1,4,7
semaines,1,8,7
j'aime,3,6,7
fibres,1,6,7
moins,13,5,7
pu,10,2,7
engouffrant,1,11,7
dur,4,3,7
dut,9,3,7
bouleversements-là,1,19,7
enrhumé,1,8,7
celle-là,2,9,7
notables,1,8,7
Torrent,3,7,7
marche,5,6,7
marcha,5,6,7
l'arrêta,2,9,7
travaille,2,9,7
L'horreur,1,9,7
travailla,1,9,7
excusez-moi,1,11,7
sonnerie,1,8,7
nappes,1,6,7
obstacle,3,8,7
demi-savant,1,11,7
logiquement,1,11,7
chaussures,1,10,7
privés,1,7,7
réguliers,1,10,7
reparut,2,7,7
chiquer,1,7,7
râlait,1,7,7
arriver,2,7,7
Scarpe,1,6,7
tueries,1,7,7
enthousiastes,1,13,7
fillette,2,8,7
arrivez,1,7,7
Ils,45,3,7
voisine,3,7,7
bourgeois,6,9,7
bobines,2,7,7
solide,3,6,7
recommençait,7,13,7
relayé,1,7,7
d'affreux,1,9,7
goûter,1,7,7
bataille,4,8,7
gagnait,3,7,7
l'aube,1,6,7
s'épuisait,1,11,7
humaine,3,7,7
questions,1,9,7
difficile,2,9,7
départ,3,7,7
l'histoire,3,10,7
monstre,1,7,7
relayaient,1,10,7
volaient,1,8,7
l'aveuglait,1,11,7
uniquement,1,10,7
rencontrèrent,1,14,7
Même,2,5,7
sortons,1,7,7
brûlaient,2,10,7
frottait,4,8,7
dépêchons-nous,1,16,7
cheval,4,6,7
échanger,1,9,7
l'on,24,4,7
t'étonne,1,9,7
Honorine,1,8,7
l'idée,11,7,7
croisaient,1,10,7
surpris,4,7,7
sauces,1,6,7
luxe,1,4,7
Vous,4,4,7
rien,36,4,7
Valenciennes,1,12,7
forêt,1,6,7
fragments,2,9,7
faute,4,5,7
galeries,17,8,7
s'offrir,1,8,7
Russie,1,6,7
intense,1,7,7
d'en,5,4,7
suffirait,1,9,7
pauvres,4,7,7
furieusement,2,12,7
abusait,1,7,7
D'autres,2,8,7
fournée,1,8,7
plaisir,3,7,7
canal,10,5,7
asphyxiés,1,10,7
devenue,2,7,7
question,7,8,7
long,10,4,7
devenus,1,7,7
d'idées,2,8,7
sonna,1,5,7
vienne,1,6,7
brique,1,6,7
files,2,5,7
filer,1,5,7
digue,3,5,7
d'abattage,1,10,7
héréditaire,1,13,7
lâcher,1,7,7
lâches,6,7,7
ennuyeux,1,8,7
rencontrait,4,11,7
proches,1,7,7
soulagée,1,9,7
glaçait,3,8,7
détruite,2,9,7
molettes,1,8,7
plaignit,1,8,7
funèbre,1,8,7
cierge,1,6,7
purent,2,6,7
ivre,3,4,7
calmé,1,6,7
groupes,3,7,7
s'écoulaient,1,13,7
Ceux,1,4,7
charpente,4,9,7
pût,5,4,7
stupidement,1,11,7
compagnie,2,9,7
dérangèrent,1,13,7
gesticulant,1,11,7
fendu,1,5,7
mêlé,1,6,7
terrifié,1,9,7
remis,1,5,7
remit,3,5,7
répétée,1,10,7
résigné,1,9,7
travaillait,5,11,7
hasarda,1,7,7
mardi,1,5,7
l'extermination,2,15,7
gronda,2,6,7
régnait,2,8,7
traînée,2,9,7
oubliée,1,8,7
criaient,1,8,7
largement,3,9,7
d'énormes,1,10,7
tisane,1,6,7
jusqu'au,4,8,7
battue,1,6,7
talons,4,6,7
haussement,1,10,7
mollets,1,7,7
crois,1,5,7
étranglé,2,10,7
frisson,10,7,7
Furieux,1,7,7
couchée,2,8,7
évitaitd'y,1,11,7
chemises,1,8,7
sensation,3,9,7
l'oeil,2,6,7
toile,5,5,7
abominable,7,10,7
d'applaudissements,1,18,7
décombres,2,10,7
procéder,1,9,7
sables,3,6,7
poussa,1,6,7
crépuscule,2,11,7
capital,1,7,7
surveillants,2,12,7
chose,11,5,7
élevées,1,9,7
représailles,1,13,7
insouciance,2,11,7
mises,1,5,7
grouillante,1,11,7
l'ordure,1,8,7
jaillissait,3,11,7
sangs,1,5,7
larges,4,6,7
grandes,8,7,7
n'ont,1,5,7
rapprochés,1,11,7
mouvement,6,9,7
plaisanta,1,9,7
voyageait,1,9,7
occupée,1,8,7
noyés,4,6,7
l'ingénieur,13,12,7
Tiens,5,5,7
glissement,1,10,7
envahi,1,6,7
noyée,1,6,7
n'osaient,1,9,7
tombaient,2,9,7
tassement,2,9,7
feu,6,3,7
fer,5,3,7
dévorant,1,9,7
sort,1,4,7
sors,1,4,7
largeur,2,7,7
abandonnant,1,11,7
croyance,1,8,7
hein,2,4,7
rasseyait,1,9,7
perdit,3,6,7
entreprises,1,11,7
entendrait,2,10,7
tendue,1,6,7
tas,4,3,7
longuement,5,10,7
théories,1,9,7
l'écheveau,1,11,7
sortaient,2,9,7
paresseux,1,9,7
mineurs,19,7,7
d'oubli,1,7,7
gorgeait,1,8,7
usait,1,5,7
écartelés,1,11,7
monstruosité,1,13,7
six,9,3,7
fuyards,1,7,7
d'allégresse,1,13,7
méditait,1,9,7
s'approcha,1,10,7
l'exécraient,2,13,7
barrette,1,8,7
attend,1,6,7
tirait,6,6,7
montraient,4,10,7
gerçures,2,9,7
ranima,1,6,7
avancer,1,7,7
aidaient,1,8,7
l'ont,2,5,7
ordre,2,5,7
suffoquait,1,10,7
furieuse,1,8,7
distraite,1,9,7
ricaner,1,7,7
s'éloignait,3,12,7
éclairé,2,9,7
l'aide,1,6,7
ambition,2,8,7
vinrent,1,7,7
s'amassait,1,10,7
Anéantis,1,9,7
redescendirent,1,14,7
oui,6,3,7
entama,1,6,7
d'éboulement,1,13,7
cédé,1,6,7
lilas,1,5,7
disputaient,1,11,7
Mirou,2,5,7
traité,1,7,7
entailles,1,9,7
entailler,1,9,7
Pierronne,5,9,7
moquer,1,6,7
arrivait,6,8,7
froideur,1,8,7
l'herbe,1,7,7
évitait,1,8,7
osé,2,4,7
gênantes,1,9,7
parcourut,1,9,7
incertitude,1,11,7
où,54,3,7
pendant,16,7,7
tenant,4,6,7
chuchoter,1,9,7
phrases,4,7,7
dédaigneuses,1,13,7
fraternité,1,11,7
d'heures,2,8,7
légères,1,9,7
complète,3,9,7
l'occasion,1,10,7
qu'au,1,5,7
écouté,3,8,7
permettre,1,9,7
achevé,1,7,7
bonnes,1,6,7
l'inégalité,1,13,7
hérédité,1,11,7
mes,4,3,7
bois,13,4,7
Combien,1,7,7
Tant,1,4,7
redemandé,1,10,7
l'écroulement,2,14,7
Bientôt,2,8,7
regarda,3,7,7
bouleversé,1,11,7
d'avouer,1,8,7
regarde,4,7,7
étouffé,2,9,7
contemplant,1,11,7
regards,9,7,7
salle,11,5,7
tremblante,2,10,7
riches,1,6,7
derniers,5,8,7
souterrain,1,10,7
l'accusant,1,10,7
charpentiers,2,12,7
tremblants,2,10,7
salarié,1,8,7
L'épouvante,1,12,7
s'arrondissait,1,14,7
désespéré,2,12,7
faut,3,4,7
accueillit-elle,1,15,7
doutaient,1,9,7
rentra,2,6,7
desserré,1,9,7
s'irritait,1,10,7
roue,1,4,7
divers,1,6,7
serons,1,6,7
combat,2,6,7
centre,2,6,7
houille,7,7,7
bouteilles,1,10,7
râlaient,2,9,7
mépris,3,7,7
ouvrait-on,1,10,7
lames,1,5,7
lutte,4,5,7
lutta,1,5,7
galopant,1,8,7
fier,1,4,7
absorbé,2,8,7
béguin,2,7,7
querelles,1,9,7
parut,8,5,7
fiel,1,4,7
arrêta,1,7,7
enfonçait,1,10,7
d'assassins,2,11,7
prêtre,1,7,7
Devenu,1,6,7
froid,5,5,7
tarif,1,5,7
tassements,1,10,7
connaître,4,10,7
durant,1,6,7
soyez,1,5,7
allumettes,1,10,7
cacha,1,5,7
rendre,7,6,7
s'aperçurent,1,13,7
annonçaient,1,12,7
sanglotait,2,10,7
chancelante,1,11,7
massacre,2,8,7
défiants,1,9,7
secours,7,7,7
compagnon,3,9,7
problème,1,9,7
donné,4,6,7
plaintifs,1,9,7
partie,9,6,7
désespérés,1,13,7
partir,5,6,7
partis,1,6,7
embrassé,1,9,7
partit,2,6,7
d'aérage,2,9,7
gisait,1,6,7
éternité,1,10,7
courut,1,6,7
sauvés,1,7,7
accepté,1,8,7
L'idée,2,7,7
chemin,10,6,7
abattu,2,6,7
rouges,3,6,7
enchevêtrés,1,13,7
certaines,1,9,7
passerelles,1,11,7
Ainsi,1,5,7
tiers,1,5,7
celle,6,5,7
s'animaient,1,11,7
commanda,1,8,7
agita,2,5,7
apôtre,1,7,7
chutes,2,6,7
jugea,1,5,7
vas-tu,2,6,7
reparaissait,2,12,7
tressaillit,2,11,7
juger,1,5,7
lenteur,4,7,7
respect,1,7,7
Viens-tu,1,8,7
l'inconscience,1,14,7
ravagée,1,8,7
l'accablement,1,13,7
Chacun,2,6,7
pressante,1,9,7
celui-là,2,9,7
reculé,1,7,7
caprices,1,8,7
raisonner,1,9,7
trêve,1,6,7
injustices,1,10,7
larmes,10,6,7
crachats,1,8,7
cesser,1,6,7
réprimande,1,11,7
société,4,9,7
s'alourdissait,1,14,7
s'enrégimenter,1,15,7
motif,1,5,7
partout,5,7,7
détresse,3,9,7
sèches,1,7,7
d'aurore,1,8,7
souhaitait,1,10,7
grandeur,1,8,7
cinq,10,4,7
impuissance,1,11,7
restons,1,7,7
sauter,4,6,7
suivit,6,6,7
premiers,6,8,7
remonter,1,8,7
d'établir,1,10,7
rivelaines,2,10,7
prudemment,1,10,7
employé,1,8,7
ouvrirait,1,9,7
Habillons-nous,1,14,7
rouvrir,1,7,7
d'instruction,1,13,7
verrait,2,7,7
attendirent,1,11,7
provisions,1,10,7
voyaient,1,8,7
m'habiller,1,10,7
rôti,1,5,7
os,1,2,7
géante,2,7,7
collée,2,7,7
cristallin,1,10,7
s'embarquèrent,1,15,7
argiles,1,7,7
allumé,3,7,7
bâtiments,4,10,7
poing,4,5,7
feras,1,5,7
dévouait,2,9,7
rentrait,1,8,7
Sur,1,3,7
l'affinement,1,12,7
rassuré,1,8,7
vapeur,1,6,7
miner,1,5,7
mines,2,5,7
philosophes,1,11,7
rejoints,1,8,7
l'aider,1,7,7
morceau,2,7,7
trous,1,5,7
crachait,2,8,7
fluidité,1,9,7
jaillissement,1,13,7
baissaient,3,10,7
boueux,1,6,7
serrèrent,1,10,7
réservée,1,10,7
pichoux,2,7,7
d'empoisonner,1,13,7
retournée,1,10,7
pourtant,8,8,7
tartine,4,7,7
retournés,1,10,7
par-dessus,2,10,7
frappé,1,7,7
tentation,1,9,7
agités,1,7,7
intention,1,9,7
n'entends,1,9,7
dynamite,1,8,7
agitée,1,7,7
abritée,1,8,7
volume,1,6,7
humain,1,6,7
vivants,1,7,7
avouaient,1,9,7
n'eussent,1,9,7
faillit,1,7,7
vivante,1,7,7
plaies,2,6,7
roulant,1,7,7
fît,1,4,7
sève,1,5,7
âmes,1,5,7
tiédeur,2,8,7
hautes,1,6,7
courant,2,7,7
sauveurs,2,8,7
longueurs,1,9,7
scie,3,4,7
poigne,2,6,7
jusque-là,1,10,7
vêtements,8,10,7
ombrelle,1,8,7
quatre-vingts,2,13,7
roulé,1,6,7
gravats,1,7,7
tranquilliser,1,13,7
allongées,1,10,7
prévisions,1,11,7
là,49,3,7
prochaine,3,9,7
